win_id,file,i0,i1,t0,t1,fs,y_defect,y_type,severity,confidence,notes,rpm,Z,dmm,Dmm,theta
current_1.csv:78400:81600,current_1.csv,78400,81600,24.5,25.5,3200,0,normal,0.1640366017818451,0.5,auto-normal,1770.0,9,7.94,38.5,0
current_1.csv:86400:89600,current_1.csv,86400,89600,27.0,28.0,3200,0,normal,0.2717781066894531,0.5,auto-normal,1770.0,9,7.94,38.5,0
current_1.csv:91200:94400,current_1.csv,91200,94400,28.5,29.5,3200,0,normal,0.2566847801208496,0.5,auto-normal,1770.0,9,7.94,38.5,0
current_1.csv:94400:97600,current_1.csv,94400,97600,29.5,30.5,3200,0,normal,0.3154762387275696,0.5,auto-normal,1770.0,9,7.94,38.5,0
current_1.csv:96000:99200,current_1.csv,96000,99200,30.0,31.0,3200,0,normal,0.2986646592617035,0.5,auto-normal,1770.0,9,7.94,38.5,0
current_1.csv:108800:112000,current_1.csv,108800,112000,34.0,35.0,3200,0,normal,0.16465136408805847,0.5,auto-normal,1770.0,9,7.94,38.5,0
current_1.csv:110400:113600,current_1.csv,110400,113600,34.5,35.5,3200,0,normal,0.24976558983325958,0.5,auto-normal,1770.0,9,7.94,38.5,0
current_1.csv:112000:115200,current_1.csv,112000,115200,35.0,36.0,3200,0,normal,0.2099231779575348,0.5,auto-normal,1770.0,9,7.94,38.5,0
current_1.csv:128000:131200,current_1.csv,128000,131200,40.0,41.0,3200,0,normal,0.29302385449409485,0.5,auto-normal,1770.0,9,7.94,38.5,0
current_1.csv:139200:142400,current_1.csv,139200,142400,43.5,44.5,3200,0,normal,0.21291975677013397,0.5,auto-normal,1770.0,9,7.94,38.5,0
current_1.csv:150400:153600,current_1.csv,150400,153600,47.0,48.0,3200,0,normal,0.246743842959404,0.5,auto-normal,1770.0,9,7.94,38.5,0
current_1.csv:153600:156800,current_1.csv,153600,156800,48.0,49.0,3200,0,normal,0.19962675869464874,0.5,auto-normal,1770.0,9,7.94,38.5,0
current_1.csv:166400:169600,current_1.csv,166400,169600,52.0,53.0,3200,0,normal,0.26226359605789185,0.5,auto-normal,1770.0,9,7.94,38.5,0
current_1.csv:169600:172800,current_1.csv,169600,172800,53.0,54.0,3200,0,normal,0.3684678375720978,0.5,auto-normal,1770.0,9,7.94,38.5,0
current_1.csv:180800:184000,current_1.csv,180800,184000,56.5,57.5,3200,0,normal,0.21155312657356262,0.5,auto-normal,1770.0,9,7.94,38.5,0
current_10.csv:22400:25600,current_10.csv,22400,25600,7.0,8.0,3200,0,normal,0.2922235131263733,0.5,auto-normal,1770.0,9,7.94,38.5,0
current_10.csv:68800:72000,current_10.csv,68800,72000,21.5,22.5,3200,0,normal,0.25477513670921326,0.5,auto-normal,1770.0,9,7.94,38.5,0
current_10.csv:97600:100800,current_10.csv,97600,100800,30.5,31.5,3200,0,normal,0.21229779720306396,0.5,auto-normal,1770.0,9,7.94,38.5,0
current_10.csv:113600:116800,current_10.csv,113600,116800,35.5,36.5,3200,0,normal,0.25607478618621826,0.5,auto-normal,1770.0,9,7.94,38.5,0
current_10.csv:145600:148800,current_10.csv,145600,148800,45.5,46.5,3200,0,normal,0.2703869640827179,0.5,auto-normal,1770.0,9,7.94,38.5,0
current_10.csv:153600:156800,current_10.csv,153600,156800,48.0,49.0,3200,0,normal,0.1782870888710022,0.5,auto-normal,1770.0,9,7.94,38.5,0
current_10.csv:171200:174400,current_10.csv,171200,174400,53.5,54.5,3200,0,normal,0.20882931351661682,0.5,auto-normal,1770.0,9,7.94,38.5,0
current_10.csv:200000:203200,current_10.csv,200000,203200,62.5,63.5,3200,0,normal,0.2533135712146759,0.5,auto-normal,1770.0,9,7.94,38.5,0
current_10.csv:206400:209600,current_10.csv,206400,209600,64.5,65.5,3200,0,normal,0.2222456932067871,0.5,auto-normal,1770.0,9,7.94,38.5,0
current_10.csv:211200:214400,current_10.csv,211200,214400,66.0,67.0,3200,0,normal,0.21263591945171356,0.5,auto-normal,1770.0,9,7.94,38.5,0
current_10.csv:212800:216000,current_10.csv,212800,216000,66.5,67.5,3200,1,FTF,0.40976524353027344,0.5030515555063096,auto-FTF score=0.0010,1770.0,9,7.94,38.5,0
current_10.csv:217600:220800,current_10.csv,217600,220800,68.0,69.0,3200,0,normal,0.2100171595811844,0.5,auto-normal,1770.0,9,7.94,38.5,0
current_10.csv:259200:262400,current_10.csv,259200,262400,81.0,82.0,3200,0,normal,0.28275978565216064,0.5,auto-normal,1770.0,9,7.94,38.5,0
current_10.csv:286400:289600,current_10.csv,286400,289600,89.5,90.5,3200,0,normal,0.19355055689811707,0.5,auto-normal,1770.0,9,7.94,38.5,0
current_10.csv:304000:307200,current_10.csv,304000,307200,95.0,96.0,3200,0,normal,0.28297877311706543,0.5,auto-normal,1770.0,9,7.94,38.5,0
current_10.csv:350400:353600,current_10.csv,350400,353600,109.5,110.5,3200,0,normal,0.1818976253271103,0.5,auto-normal,1770.0,9,7.94,38.5,0
current_11.csv:12800:16000,current_11.csv,12800,16000,4.0,5.0,3200,0,normal,0.315544456243515,0.5,auto-normal,1770.0,9,7.94,38.5,0
current_11.csv:17600:20800,current_11.csv,17600,20800,5.5,6.5,3200,0,normal,0.2314532846212387,0.5,auto-normal,1770.0,9,7.94,38.5,0
current_11.csv:19200:22400,current_11.csv,19200,22400,6.0,7.0,3200,0,normal,0.3376837372779846,0.5,auto-normal,1770.0,9,7.94,38.5,0
current_11.csv:28800:32000,current_11.csv,28800,32000,9.0,10.0,3200,0,normal,0.3010585308074951,0.5,auto-normal,1770.0,9,7.94,38.5,0
current_11.csv:32000:35200,current_11.csv,32000,35200,10.0,11.0,3200,0,normal,0.3156588077545166,0.5,auto-normal,1770.0,9,7.94,38.5,0
current_11.csv:35200:38400,current_11.csv,35200,38400,11.0,12.0,3200,0,normal,0.3103823959827423,0.5,auto-normal,1770.0,9,7.94,38.5,0
current_11.csv:43200:46400,current_11.csv,43200,46400,13.5,14.5,3200,0,normal,0.22367744147777557,0.5,auto-normal,1770.0,9,7.94,38.5,0
current_11.csv:72000:75200,current_11.csv,72000,75200,22.5,23.5,3200,0,normal,0.2845301330089569,0.5,auto-normal,1770.0,9,7.94,38.5,0
current_11.csv:86400:89600,current_11.csv,86400,89600,27.0,28.0,3200,0,normal,0.28397923707962036,0.5,auto-normal,1770.0,9,7.94,38.5,0
current_11.csv:89600:92800,current_11.csv,89600,92800,28.0,29.0,3200,0,normal,0.22556109726428986,0.5,auto-normal,1770.0,9,7.94,38.5,0
current_11.csv:121600:124800,current_11.csv,121600,124800,38.0,39.0,3200,0,normal,0.2590238153934479,0.5,auto-normal,1770.0,9,7.94,38.5,0
current_11.csv:134400:137600,current_11.csv,134400,137600,42.0,43.0,3200,0,normal,0.26779186725616455,0.5,auto-normal,1770.0,9,7.94,38.5,0
current_11.csv:152000:155200,current_11.csv,152000,155200,47.5,48.5,3200,0,normal,0.2547124922275543,0.5,auto-normal,1770.0,9,7.94,38.5,0
current_11.csv:172800:176000,current_11.csv,172800,176000,54.0,55.0,3200,0,normal,0.2598540484905243,0.5,auto-normal,1770.0,9,7.94,38.5,0
current_11.csv:188800:192000,current_11.csv,188800,192000,59.0,60.0,3200,0,normal,0.26412931084632874,0.5,auto-normal,1770.0,9,7.94,38.5,0
current_12.csv:97600:100800,current_12.csv,97600,100800,30.5,31.5,3200,0,normal,0.24600237607955933,0.5,auto-normal,1770.0,9,7.94,38.5,0
current_12.csv:115200:118400,current_12.csv,115200,118400,36.0,37.0,3200,0,normal,0.18031106889247894,0.5,auto-normal,1770.0,9,7.94,38.5,0
current_12.csv:136000:139200,current_12.csv,136000,139200,42.5,43.5,3200,0,normal,0.2605758309364319,0.5,auto-normal,1770.0,9,7.94,38.5,0
current_12.csv:139200:142400,current_12.csv,139200,142400,43.5,44.5,3200,0,normal,0.30122461915016174,0.5,auto-normal,1770.0,9,7.94,38.5,0
current_12.csv:158400:161600,current_12.csv,158400,161600,49.5,50.5,3200,0,normal,0.21485838294029236,0.5,auto-normal,1770.0,9,7.94,38.5,0
current_12.csv:187200:190400,current_12.csv,187200,190400,58.5,59.5,3200,0,normal,0.21331657469272614,0.5,auto-normal,1770.0,9,7.94,38.5,0
current_12.csv:222400:225600,current_12.csv,222400,225600,69.5,70.5,3200,0,normal,0.3139846622943878,0.5,auto-normal,1770.0,9,7.94,38.5,0
current_12.csv:256000:259200,current_12.csv,256000,259200,80.0,81.0,3200,0,normal,0.25143107771873474,0.5,auto-normal,1770.0,9,7.94,38.5,0
current_12.csv:260800:264000,current_12.csv,260800,264000,81.5,82.5,3200,0,normal,0.2022993564605713,0.5,auto-normal,1770.0,9,7.94,38.5,0
current_12.csv:280000:283200,current_12.csv,280000,283200,87.5,88.5,3200,0,normal,0.21003752946853638,0.5,auto-normal,1770.0,9,7.94,38.5,0
current_12.csv:300800:304000,current_12.csv,300800,304000,94.0,95.0,3200,0,normal,0.2704620659351349,0.5,auto-normal,1770.0,9,7.94,38.5,0
current_12.csv:332800:336000,current_12.csv,332800,336000,104.0,105.0,3200,0,normal,0.16729621589183807,0.5,auto-normal,1770.0,9,7.94,38.5,0
current_12.csv:347200:350400,current_12.csv,347200,350400,108.5,109.5,3200,0,normal,0.3403948247432709,0.5,auto-normal,1770.0,9,7.94,38.5,0
current_12.csv:348800:352000,current_12.csv,348800,352000,109.0,110.0,3200,0,normal,0.25613853335380554,0.5,auto-normal,1770.0,9,7.94,38.5,0
current_12.csv:372800:376000,current_12.csv,372800,376000,116.5,117.5,3200,0,normal,0.2464846521615982,0.5,auto-normal,1770.0,9,7.94,38.5,0
current_13.csv:0:3200,current_13.csv,0,3200,0.0,1.0,3200,0,normal,0.19813907146453857,0.5,auto-normal,1770.0,9,7.94,38.5,0
current_13.csv:36800:40000,current_13.csv,36800,40000,11.5,12.5,3200,0,normal,0.20948165655136108,0.5,auto-normal,1770.0,9,7.94,38.5,0
current_13.csv:43200:46400,current_13.csv,43200,46400,13.5,14.5,3200,0,normal,0.2611847519874573,0.5,auto-normal,1770.0,9,7.94,38.5,0
current_13.csv:60800:64000,current_13.csv,60800,64000,19.0,20.0,3200,0,normal,0.17784270644187927,0.5,auto-normal,1770.0,9,7.94,38.5,0
current_13.csv:64000:67200,current_13.csv,64000,67200,20.0,21.0,3200,0,normal,0.20483997464179993,0.5,auto-normal,1770.0,9,7.94,38.5,0
current_13.csv:65600:68800,current_13.csv,65600,68800,20.5,21.5,3200,0,normal,0.29595234990119934,0.5,auto-normal,1770.0,9,7.94,38.5,0
current_13.csv:68800:72000,current_13.csv,68800,72000,21.5,22.5,3200,0,normal,0.22953014075756073,0.5,auto-normal,1770.0,9,7.94,38.5,0
current_13.csv:75200:78400,current_13.csv,75200,78400,23.5,24.5,3200,0,normal,0.1879175454378128,0.5,auto-normal,1770.0,9,7.94,38.5,0
current_13.csv:76800:80000,current_13.csv,76800,80000,24.0,25.0,3200,0,normal,0.28611382842063904,0.5,auto-normal,1770.0,9,7.94,38.5,0
current_13.csv:78400:81600,current_13.csv,78400,81600,24.5,25.5,3200,0,normal,0.3664139211177826,0.5,auto-normal,1770.0,9,7.94,38.5,0
current_13.csv:88000:91200,current_13.csv,88000,91200,27.5,28.5,3200,0,normal,0.23438473045825958,0.5,auto-normal,1770.0,9,7.94,38.5,0
current_13.csv:139200:142400,current_13.csv,139200,142400,43.5,44.5,3200,0,normal,0.24939820170402527,0.5,auto-normal,1770.0,9,7.94,38.5,0
current_13.csv:160000:163200,current_13.csv,160000,163200,50.0,51.0,3200,0,normal,0.15269939601421356,0.5,auto-normal,1770.0,9,7.94,38.5,0
current_13.csv:172800:176000,current_13.csv,172800,176000,54.0,55.0,3200,0,normal,0.2989574670791626,0.5,auto-normal,1770.0,9,7.94,38.5,0
current_13.csv:180800:184000,current_13.csv,180800,184000,56.5,57.5,3200,0,normal,0.15505225956439972,0.5,auto-normal,1770.0,9,7.94,38.5,0
current_14.csv:30400:33600,current_14.csv,30400,33600,9.5,10.5,3200,0,normal,0.2204899936914444,0.5,auto-normal,1770.0,9,7.94,38.5,0
current_14.csv:86400:89600,current_14.csv,86400,89600,27.0,28.0,3200,0,normal,0.29301631450653076,0.5,auto-normal,1770.0,9,7.94,38.5,0
current_14.csv:121600:124800,current_14.csv,121600,124800,38.0,39.0,3200,0,normal,0.20660248398780823,0.5,auto-normal,1770.0,9,7.94,38.5,0
current_14.csv:152000:155200,current_14.csv,152000,155200,47.5,48.5,3200,0,normal,0.21421313285827637,0.5,auto-normal,1770.0,9,7.94,38.5,0
current_14.csv:184000:187200,current_14.csv,184000,187200,57.5,58.5,3200,0,normal,0.32763054966926575,0.5,auto-normal,1770.0,9,7.94,38.5,0
current_14.csv:203200:206400,current_14.csv,203200,206400,63.5,64.5,3200,0,normal,0.24211712181568146,0.5,auto-normal,1770.0,9,7.94,38.5,0
current_14.csv:204800:208000,current_14.csv,204800,208000,64.0,65.0,3200,0,normal,0.18291614949703217,0.5,auto-normal,1770.0,9,7.94,38.5,0
current_14.csv:262400:265600,current_14.csv,262400,265600,82.0,83.0,3200,0,normal,0.2891065776348114,0.5,auto-normal,1770.0,9,7.94,38.5,0
current_14.csv:273600:276800,current_14.csv,273600,276800,85.5,86.5,3200,0,normal,0.27180829644203186,0.5,auto-normal,1770.0,9,7.94,38.5,0
current_14.csv:275200:278400,current_14.csv,275200,278400,86.0,87.0,3200,0,normal,0.26746779680252075,0.5,auto-normal,1770.0,9,7.94,38.5,0
current_14.csv:310400:313600,current_14.csv,310400,313600,97.0,98.0,3200,0,normal,0.3554595112800598,0.5,auto-normal,1770.0,9,7.94,38.5,0
current_14.csv:334400:337600,current_14.csv,334400,337600,104.5,105.5,3200,0,normal,0.15667010843753815,0.5,auto-normal,1770.0,9,7.94,38.5,0
current_14.csv:347200:350400,current_14.csv,347200,350400,108.5,109.5,3200,0,normal,0.17455677688121796,0.5,auto-normal,1770.0,9,7.94,38.5,0
current_14.csv:350400:353600,current_14.csv,350400,353600,109.5,110.5,3200,0,normal,0.26906707882881165,0.5,auto-normal,1770.0,9,7.94,38.5,0
current_14.csv:380800:384000,current_14.csv,380800,384000,119.0,120.0,3200,0,normal,0.15648002922534943,0.5,auto-normal,1770.0,9,7.94,38.5,0
current_15.csv:0:3200,current_15.csv,0,3200,0.0,1.0,3200,0,normal,0.2514488101005554,0.5,auto-normal,1770.0,9,7.94,38.5,0
current_15.csv:9600:12800,current_15.csv,9600,12800,3.0,4.0,3200,0,normal,0.206823468208313,0.5,auto-normal,1770.0,9,7.94,38.5,0
current_15.csv:22400:25600,current_15.csv,22400,25600,7.0,8.0,3200,0,normal,0.27923348546028137,0.5,auto-normal,1770.0,9,7.94,38.5,0
current_15.csv:25600:28800,current_15.csv,25600,28800,8.0,9.0,3200,0,normal,0.22506824135780334,0.5,auto-normal,1770.0,9,7.94,38.5,0
current_15.csv:30400:33600,current_15.csv,30400,33600,9.5,10.5,3200,0,normal,0.2811669707298279,0.5,auto-normal,1770.0,9,7.94,38.5,0
current_15.csv:48000:51200,current_15.csv,48000,51200,15.0,16.0,3200,0,normal,0.276308536529541,0.5,auto-normal,1770.0,9,7.94,38.5,0
current_15.csv:83200:86400,current_15.csv,83200,86400,26.0,27.0,3200,0,normal,0.2452048510313034,0.5,auto-normal,1770.0,9,7.94,38.5,0
current_15.csv:100800:104000,current_15.csv,100800,104000,31.5,32.5,3200,0,normal,0.2836402952671051,0.5,auto-normal,1770.0,9,7.94,38.5,0
current_15.csv:105600:108800,current_15.csv,105600,108800,33.0,34.0,3200,0,normal,0.20188996195793152,0.5,auto-normal,1770.0,9,7.94,38.5,0
current_15.csv:113600:116800,current_15.csv,113600,116800,35.5,36.5,3200,0,normal,0.20632301270961761,0.5,auto-normal,1770.0,9,7.94,38.5,0
current_15.csv:131200:134400,current_15.csv,131200,134400,41.0,42.0,3200,0,normal,0.18184912204742432,0.5,auto-normal,1770.0,9,7.94,38.5,0
current_15.csv:153600:156800,current_15.csv,153600,156800,48.0,49.0,3200,0,normal,0.2174474149942398,0.5,auto-normal,1770.0,9,7.94,38.5,0
current_15.csv:158400:161600,current_15.csv,158400,161600,49.5,50.5,3200,0,normal,0.18964728713035583,0.5,auto-normal,1770.0,9,7.94,38.5,0
current_15.csv:164800:168000,current_15.csv,164800,168000,51.5,52.5,3200,0,normal,0.24394701421260834,0.5,auto-normal,1770.0,9,7.94,38.5,0
current_15.csv:169600:172800,current_15.csv,169600,172800,53.0,54.0,3200,0,normal,0.24931439757347107,0.5,auto-normal,1770.0,9,7.94,38.5,0
current_16.csv:35200:38400,current_16.csv,35200,38400,11.0,12.0,3200,0,normal,0.32978755235671997,0.5,auto-normal,1770.0,9,7.94,38.5,0
current_16.csv:83200:86400,current_16.csv,83200,86400,26.0,27.0,3200,0,normal,0.30360111594200134,0.5,auto-normal,1770.0,9,7.94,38.5,0
current_16.csv:84800:88000,current_16.csv,84800,88000,26.5,27.5,3200,0,normal,0.2658626437187195,0.5,auto-normal,1770.0,9,7.94,38.5,0
current_16.csv:118400:121600,current_16.csv,118400,121600,37.0,38.0,3200,0,normal,0.23215553164482117,0.5,auto-normal,1770.0,9,7.94,38.5,0
current_16.csv:145600:148800,current_16.csv,145600,148800,45.5,46.5,3200,0,normal,0.17102377116680145,0.5,auto-normal,1770.0,9,7.94,38.5,0
current_16.csv:179200:182400,current_16.csv,179200,182400,56.0,57.0,3200,0,normal,0.21444426476955414,0.5,auto-normal,1770.0,9,7.94,38.5,0
current_16.csv:180800:184000,current_16.csv,180800,184000,56.5,57.5,3200,0,normal,0.32666969299316406,0.5,auto-normal,1770.0,9,7.94,38.5,0
current_16.csv:195200:198400,current_16.csv,195200,198400,61.0,62.0,3200,0,normal,0.22308209538459778,0.5,auto-normal,1770.0,9,7.94,38.5,0
current_16.csv:235200:238400,current_16.csv,235200,238400,73.5,74.5,3200,0,normal,0.164316326379776,0.5,auto-normal,1770.0,9,7.94,38.5,0
current_16.csv:241600:244800,current_16.csv,241600,244800,75.5,76.5,3200,0,normal,0.19732508063316345,0.5,auto-normal,1770.0,9,7.94,38.5,0
current_16.csv:246400:249600,current_16.csv,246400,249600,77.0,78.0,3200,0,normal,0.26771050691604614,0.5,auto-normal,1770.0,9,7.94,38.5,0
current_16.csv:281600:284800,current_16.csv,281600,284800,88.0,89.0,3200,0,normal,0.16632801294326782,0.5,auto-normal,1770.0,9,7.94,38.5,0
current_16.csv:313600:316800,current_16.csv,313600,316800,98.0,99.0,3200,0,normal,0.22396309673786163,0.5,auto-normal,1770.0,9,7.94,38.5,0
current_16.csv:318400:321600,current_16.csv,318400,321600,99.5,100.5,3200,0,normal,0.2500765025615692,0.5,auto-normal,1770.0,9,7.94,38.5,0
current_16.csv:320000:323200,current_16.csv,320000,323200,100.0,101.0,3200,0,normal,0.232230082154274,0.5,auto-normal,1770.0,9,7.94,38.5,0
current_17.csv:3200:6400,current_17.csv,3200,6400,1.0,2.0,3200,0,normal,0.2296903431415558,0.5,auto-normal,1770.0,9,7.94,38.5,0
current_17.csv:17600:20800,current_17.csv,17600,20800,5.5,6.5,3200,0,normal,0.2673836648464203,0.5,auto-normal,1770.0,9,7.94,38.5,0
current_17.csv:33600:36800,current_17.csv,33600,36800,10.5,11.5,3200,0,normal,0.2856456935405731,0.5,auto-normal,1770.0,9,7.94,38.5,0
current_17.csv:57600:60800,current_17.csv,57600,60800,18.0,19.0,3200,0,normal,0.25063440203666687,0.5,auto-normal,1770.0,9,7.94,38.5,0
current_17.csv:70400:73600,current_17.csv,70400,73600,22.0,23.0,3200,0,normal,0.2714514136314392,0.5,auto-normal,1770.0,9,7.94,38.5,0
current_17.csv:72000:75200,current_17.csv,72000,75200,22.5,23.5,3200,0,normal,0.2434491366147995,0.5,auto-normal,1770.0,9,7.94,38.5,0
current_17.csv:78400:81600,current_17.csv,78400,81600,24.5,25.5,3200,0,normal,0.26332712173461914,0.5,auto-normal,1770.0,9,7.94,38.5,0
current_17.csv:84800:88000,current_17.csv,84800,88000,26.5,27.5,3200,0,normal,0.28558602929115295,0.5,auto-normal,1770.0,9,7.94,38.5,0
current_17.csv:89600:92800,current_17.csv,89600,92800,28.0,29.0,3200,0,normal,0.27747660875320435,0.5,auto-normal,1770.0,9,7.94,38.5,0
current_17.csv:107200:110400,current_17.csv,107200,110400,33.5,34.5,3200,0,normal,0.2377539575099945,0.5,auto-normal,1770.0,9,7.94,38.5,0
current_17.csv:115200:118400,current_17.csv,115200,118400,36.0,37.0,3200,0,normal,0.21526549756526947,0.5,auto-normal,1770.0,9,7.94,38.5,0
current_17.csv:134400:137600,current_17.csv,134400,137600,42.0,43.0,3200,0,normal,0.2419200986623764,0.5,auto-normal,1770.0,9,7.94,38.5,0
current_17.csv:137600:140800,current_17.csv,137600,140800,43.0,44.0,3200,0,normal,0.23069709539413452,0.5,auto-normal,1770.0,9,7.94,38.5,0
current_17.csv:179200:182400,current_17.csv,179200,182400,56.0,57.0,3200,0,normal,0.2598670721054077,0.5,auto-normal,1770.0,9,7.94,38.5,0
current_17.csv:185600:188800,current_17.csv,185600,188800,58.0,59.0,3200,0,normal,0.25488758087158203,0.5,auto-normal,1770.0,9,7.94,38.5,0
current_18.csv:97600:100800,current_18.csv,97600,100800,30.5,31.5,3200,0,normal,0.25884267687797546,0.5,auto-normal,1770.0,9,7.94,38.5,0
current_18.csv:102400:105600,current_18.csv,102400,105600,32.0,33.0,3200,0,normal,0.1442510336637497,0.5,auto-normal,1770.0,9,7.94,38.5,0
current_18.csv:179200:182400,current_18.csv,179200,182400,56.0,57.0,3200,0,normal,0.18156614899635315,0.5,auto-normal,1770.0,9,7.94,38.5,0
current_18.csv:180800:184000,current_18.csv,180800,184000,56.5,57.5,3200,0,normal,0.2675805985927582,0.5,auto-normal,1770.0,9,7.94,38.5,0
current_18.csv:188800:192000,current_18.csv,188800,192000,59.0,60.0,3200,0,normal,0.22583197057247162,0.5,auto-normal,1770.0,9,7.94,38.5,0
current_18.csv:195200:198400,current_18.csv,195200,198400,61.0,62.0,3200,0,normal,0.18744416534900665,0.5,auto-normal,1770.0,9,7.94,38.5,0
current_18.csv:198400:201600,current_18.csv,198400,201600,62.0,63.0,3200,0,normal,0.2237342894077301,0.5,auto-normal,1770.0,9,7.94,38.5,0
current_18.csv:217600:220800,current_18.csv,217600,220800,68.0,69.0,3200,0,normal,0.2670171856880188,0.5,auto-normal,1770.0,9,7.94,38.5,0
current_18.csv:227200:230400,current_18.csv,227200,230400,71.0,72.0,3200,0,normal,0.19120027124881744,0.5,auto-normal,1770.0,9,7.94,38.5,0
current_18.csv:228800:232000,current_18.csv,228800,232000,71.5,72.5,3200,0,normal,0.16703923046588898,0.5,auto-normal,1770.0,9,7.94,38.5,0
current_18.csv:232000:235200,current_18.csv,232000,235200,72.5,73.5,3200,0,normal,0.20952722430229187,0.5,auto-normal,1770.0,9,7.94,38.5,0
current_18.csv:244800:248000,current_18.csv,244800,248000,76.5,77.5,3200,0,normal,0.14987482130527496,0.5,auto-normal,1770.0,9,7.94,38.5,0
current_18.csv:259200:262400,current_18.csv,259200,262400,81.0,82.0,3200,0,normal,0.27402734756469727,0.5,auto-normal,1770.0,9,7.94,38.5,0
current_18.csv:264000:267200,current_18.csv,264000,267200,82.5,83.5,3200,0,normal,0.3756868243217468,0.5,auto-normal,1770.0,9,7.94,38.5,0
current_18.csv:289600:292800,current_18.csv,289600,292800,90.5,91.5,3200,0,normal,0.29725733399391174,0.5,auto-normal,1770.0,9,7.94,38.5,0
current_19.csv:20800:24000,current_19.csv,20800,24000,6.5,7.5,3200,0,normal,0.2916923463344574,0.5,auto-normal,1770.0,9,7.94,38.5,0
current_19.csv:32000:35200,current_19.csv,32000,35200,10.0,11.0,3200,0,normal,0.22757385671138763,0.5,auto-normal,1770.0,9,7.94,38.5,0
current_19.csv:48000:51200,current_19.csv,48000,51200,15.0,16.0,3200,0,normal,0.26499032974243164,0.5,auto-normal,1770.0,9,7.94,38.5,0
current_19.csv:56000:59200,current_19.csv,56000,59200,17.5,18.5,3200,0,normal,0.22988298535346985,0.5,auto-normal,1770.0,9,7.94,38.5,0
current_19.csv:72000:75200,current_19.csv,72000,75200,22.5,23.5,3200,0,normal,0.22822853922843933,0.5,auto-normal,1770.0,9,7.94,38.5,0
current_19.csv:80000:83200,current_19.csv,80000,83200,25.0,26.0,3200,0,normal,0.17422230541706085,0.5,auto-normal,1770.0,9,7.94,38.5,0
current_19.csv:100800:104000,current_19.csv,100800,104000,31.5,32.5,3200,0,normal,0.16796492040157318,0.5,auto-normal,1770.0,9,7.94,38.5,0
current_19.csv:110400:113600,current_19.csv,110400,113600,34.5,35.5,3200,0,normal,0.2838437855243683,0.5,auto-normal,1770.0,9,7.94,38.5,0
current_19.csv:136000:139200,current_19.csv,136000,139200,42.5,43.5,3200,0,normal,0.13570475578308105,0.5,auto-normal,1770.0,9,7.94,38.5,0
current_19.csv:139200:142400,current_19.csv,139200,142400,43.5,44.5,3200,0,normal,0.1861867606639862,0.5,auto-normal,1770.0,9,7.94,38.5,0
current_19.csv:148800:152000,current_19.csv,148800,152000,46.5,47.5,3200,0,normal,0.1760329157114029,0.5,auto-normal,1770.0,9,7.94,38.5,0
current_19.csv:150400:153600,current_19.csv,150400,153600,47.0,48.0,3200,0,normal,0.2548663020133972,0.5,auto-normal,1770.0,9,7.94,38.5,0
current_19.csv:155200:158400,current_19.csv,155200,158400,48.5,49.5,3200,0,normal,0.22339582443237305,0.5,auto-normal,1770.0,9,7.94,38.5,0
current_19.csv:169600:172800,current_19.csv,169600,172800,53.0,54.0,3200,0,normal,0.15102051198482513,0.5,auto-normal,1770.0,9,7.94,38.5,0
current_19.csv:188800:192000,current_19.csv,188800,192000,59.0,60.0,3200,0,normal,0.29550641775131226,0.5,auto-normal,1770.0,9,7.94,38.5,0
current_2.csv:1600:4800,current_2.csv,1600,4800,0.5,1.5,3200,0,normal,0.2515270411968231,0.5,auto-normal,1770.0,9,7.94,38.5,0
current_2.csv:105600:108800,current_2.csv,105600,108800,33.0,34.0,3200,0,normal,0.25146201252937317,0.5,auto-normal,1770.0,9,7.94,38.5,0
current_2.csv:108800:112000,current_2.csv,108800,112000,34.0,35.0,3200,0,normal,0.22796279191970825,0.5,auto-normal,1770.0,9,7.94,38.5,0
current_2.csv:113600:116800,current_2.csv,113600,116800,35.5,36.5,3200,0,normal,0.2543514668941498,0.5,auto-normal,1770.0,9,7.94,38.5,0
current_2.csv:169600:172800,current_2.csv,169600,172800,53.0,54.0,3200,0,normal,0.20196731388568878,0.5,auto-normal,1770.0,9,7.94,38.5,0
current_2.csv:171200:174400,current_2.csv,171200,174400,53.5,54.5,3200,0,normal,0.20144280791282654,0.5,auto-normal,1770.0,9,7.94,38.5,0
current_2.csv:172800:176000,current_2.csv,172800,176000,54.0,55.0,3200,0,normal,0.15583035349845886,0.5,auto-normal,1770.0,9,7.94,38.5,0
current_2.csv:211200:214400,current_2.csv,211200,214400,66.0,67.0,3200,0,normal,0.2583625912666321,0.5,auto-normal,1770.0,9,7.94,38.5,0
current_2.csv:214400:217600,current_2.csv,214400,217600,67.0,68.0,3200,0,normal,0.19605296850204468,0.5,auto-normal,1770.0,9,7.94,38.5,0
current_2.csv:216000:219200,current_2.csv,216000,219200,67.5,68.5,3200,0,normal,0.1413089781999588,0.5,auto-normal,1770.0,9,7.94,38.5,0
current_2.csv:228800:232000,current_2.csv,228800,232000,71.5,72.5,3200,0,normal,0.21982550621032715,0.5,auto-normal,1770.0,9,7.94,38.5,0
current_2.csv:240000:243200,current_2.csv,240000,243200,75.0,76.0,3200,0,normal,0.31492099165916443,0.5,auto-normal,1770.0,9,7.94,38.5,0
current_2.csv:305600:308800,current_2.csv,305600,308800,95.5,96.5,3200,0,normal,0.20072180032730103,0.5,auto-normal,1770.0,9,7.94,38.5,0
current_2.csv:320000:323200,current_2.csv,320000,323200,100.0,101.0,3200,0,normal,0.1719866245985031,0.5,auto-normal,1770.0,9,7.94,38.5,0
current_2.csv:332800:336000,current_2.csv,332800,336000,104.0,105.0,3200,0,normal,0.23320703208446503,0.5,auto-normal,1770.0,9,7.94,38.5,0
current_20.csv:41600:44800,current_20.csv,41600,44800,13.0,14.0,3200,0,normal,0.15767501294612885,0.5,auto-normal,1770.0,9,7.94,38.5,0
current_20.csv:132800:136000,current_20.csv,132800,136000,41.5,42.5,3200,0,normal,0.23392798006534576,0.5,auto-normal,1770.0,9,7.94,38.5,0
current_20.csv:158400:161600,current_20.csv,158400,161600,49.5,50.5,3200,0,normal,0.2292919009923935,0.5,auto-normal,1770.0,9,7.94,38.5,0
current_20.csv:161600:164800,current_20.csv,161600,164800,50.5,51.5,3200,0,normal,0.25435781478881836,0.5,auto-normal,1770.0,9,7.94,38.5,0
current_20.csv:222400:225600,current_20.csv,222400,225600,69.5,70.5,3200,0,normal,0.22549961507320404,0.5,auto-normal,1770.0,9,7.94,38.5,0
current_20.csv:248000:251200,current_20.csv,248000,251200,77.5,78.5,3200,0,normal,0.279747873544693,0.5,auto-normal,1770.0,9,7.94,38.5,0
current_20.csv:252800:256000,current_20.csv,252800,256000,79.0,80.0,3200,0,normal,0.2925952672958374,0.5,auto-normal,1770.0,9,7.94,38.5,0
current_20.csv:272000:275200,current_20.csv,272000,275200,85.0,86.0,3200,0,normal,0.2025802880525589,0.5,auto-normal,1770.0,9,7.94,38.5,0
current_20.csv:278400:281600,current_20.csv,278400,281600,87.0,88.0,3200,0,normal,0.25485455989837646,0.5,auto-normal,1770.0,9,7.94,38.5,0
current_20.csv:281600:284800,current_20.csv,281600,284800,88.0,89.0,3200,0,normal,0.2741847634315491,0.5,auto-normal,1770.0,9,7.94,38.5,0
current_20.csv:315200:318400,current_20.csv,315200,318400,98.5,99.5,3200,0,normal,0.1798689365386963,0.5,auto-normal,1770.0,9,7.94,38.5,0
current_20.csv:321600:324800,current_20.csv,321600,324800,100.5,101.5,3200,0,normal,0.2791089117527008,0.5,auto-normal,1770.0,9,7.94,38.5,0
current_20.csv:345600:348800,current_20.csv,345600,348800,108.0,109.0,3200,0,normal,0.3196054697036743,0.5,auto-normal,1770.0,9,7.94,38.5,0
current_20.csv:377600:380800,current_20.csv,377600,380800,118.0,119.0,3200,0,normal,0.28060242533683777,0.5,auto-normal,1770.0,9,7.94,38.5,0
current_20.csv:379200:382400,current_20.csv,379200,382400,118.5,119.5,3200,0,normal,0.3525552451610565,0.5,auto-normal,1770.0,9,7.94,38.5,0
current_21.csv:25600:28800,current_21.csv,25600,28800,8.0,9.0,3200,0,normal,0.2822880446910858,0.5,auto-normal,1770.0,9,7.94,38.5,0
current_21.csv:30400:33600,current_21.csv,30400,33600,9.5,10.5,3200,0,normal,0.2754005193710327,0.5,auto-normal,1770.0,9,7.94,38.5,0
current_21.csv:38400:41600,current_21.csv,38400,41600,12.0,13.0,3200,0,normal,0.24994619190692902,0.5,auto-normal,1770.0,9,7.94,38.5,0
current_21.csv:44800:48000,current_21.csv,44800,48000,14.0,15.0,3200,0,normal,0.25091075897216797,0.5,auto-normal,1770.0,9,7.94,38.5,0
current_21.csv:81600:84800,current_21.csv,81600,84800,25.5,26.5,3200,0,normal,0.2128215879201889,0.5,auto-normal,1770.0,9,7.94,38.5,0
current_21.csv:112000:115200,current_21.csv,112000,115200,35.0,36.0,3200,0,normal,0.325126975774765,0.5,auto-normal,1770.0,9,7.94,38.5,0
current_21.csv:126400:129600,current_21.csv,126400,129600,39.5,40.5,3200,0,normal,0.25651735067367554,0.5,auto-normal,1770.0,9,7.94,38.5,0
current_21.csv:129600:132800,current_21.csv,129600,132800,40.5,41.5,3200,0,normal,0.3163870871067047,0.5,auto-normal,1770.0,9,7.94,38.5,0
current_21.csv:142400:145600,current_21.csv,142400,145600,44.5,45.5,3200,0,normal,0.23768684267997742,0.5,auto-normal,1770.0,9,7.94,38.5,0
current_21.csv:156800:160000,current_21.csv,156800,160000,49.0,50.0,3200,0,normal,0.23540562391281128,0.5,auto-normal,1770.0,9,7.94,38.5,0
current_21.csv:163200:166400,current_21.csv,163200,166400,51.0,52.0,3200,0,normal,0.23149560391902924,0.5,auto-normal,1770.0,9,7.94,38.5,0
current_21.csv:172800:176000,current_21.csv,172800,176000,54.0,55.0,3200,0,normal,0.257970929145813,0.5,auto-normal,1770.0,9,7.94,38.5,0
current_21.csv:174400:177600,current_21.csv,174400,177600,54.5,55.5,3200,0,normal,0.1987251192331314,0.5,auto-normal,1770.0,9,7.94,38.5,0
current_21.csv:177600:180800,current_21.csv,177600,180800,55.5,56.5,3200,0,normal,0.3315443694591522,0.5,auto-normal,1770.0,9,7.94,38.5,0
current_21.csv:184000:187200,current_21.csv,184000,187200,57.5,58.5,3200,0,normal,0.1907806396484375,0.5,auto-normal,1770.0,9,7.94,38.5,0
current_22.csv:20800:24000,current_22.csv,20800,24000,6.5,7.5,3200,0,normal,0.2793840169906616,0.5,auto-normal,1770.0,9,7.94,38.5,0
current_22.csv:68800:72000,current_22.csv,68800,72000,21.5,22.5,3200,0,normal,0.18403691053390503,0.5,auto-normal,1770.0,9,7.94,38.5,0
current_22.csv:91200:94400,current_22.csv,91200,94400,28.5,29.5,3200,0,normal,0.20571143925189972,0.5,auto-normal,1770.0,9,7.94,38.5,0
current_22.csv:121600:124800,current_22.csv,121600,124800,38.0,39.0,3200,0,normal,0.26547685265541077,0.5,auto-normal,1770.0,9,7.94,38.5,0
current_22.csv:126400:129600,current_22.csv,126400,129600,39.5,40.5,3200,0,normal,0.16599661111831665,0.5,auto-normal,1770.0,9,7.94,38.5,0
current_22.csv:144000:147200,current_22.csv,144000,147200,45.0,46.0,3200,0,normal,0.34069737792015076,0.5,auto-normal,1770.0,9,7.94,38.5,0
current_22.csv:176000:179200,current_22.csv,176000,179200,55.0,56.0,3200,0,normal,0.216782808303833,0.5,auto-normal,1770.0,9,7.94,38.5,0
current_22.csv:177600:180800,current_22.csv,177600,180800,55.5,56.5,3200,0,normal,0.26941928267478943,0.5,auto-normal,1770.0,9,7.94,38.5,0
current_22.csv:187200:190400,current_22.csv,187200,190400,58.5,59.5,3200,1,FTF,0.4061380922794342,0.5019180525025143,auto-FTF score=0.0010,1770.0,9,7.94,38.5,0
current_22.csv:249600:252800,current_22.csv,249600,252800,78.0,79.0,3200,0,normal,0.2592410445213318,0.5,auto-normal,1770.0,9,7.94,38.5,0
current_22.csv:281600:284800,current_22.csv,281600,284800,88.0,89.0,3200,0,normal,0.25101110339164734,0.5,auto-normal,1770.0,9,7.94,38.5,0
current_22.csv:300800:304000,current_22.csv,300800,304000,94.0,95.0,3200,0,normal,0.1667521893978119,0.5,auto-normal,1770.0,9,7.94,38.5,0
current_22.csv:340800:344000,current_22.csv,340800,344000,106.5,107.5,3200,0,normal,0.20969608426094055,0.5,auto-normal,1770.0,9,7.94,38.5,0
current_22.csv:355200:358400,current_22.csv,355200,358400,111.0,112.0,3200,0,normal,0.36449870467185974,0.5,auto-normal,1770.0,9,7.94,38.5,0
current_22.csv:360000:363200,current_22.csv,360000,363200,112.5,113.5,3200,0,normal,0.32981163263320923,0.5,auto-normal,1770.0,9,7.94,38.5,0
current_22.csv:379200:382400,current_22.csv,379200,382400,118.5,119.5,3200,0,normal,0.21776250004768372,0.5,auto-normal,1770.0,9,7.94,38.5,0
current_23.csv:41600:44800,current_23.csv,41600,44800,13.0,14.0,3200,1,FTF,0.41322895884513855,0.5041339018539043,auto-FTF score=0.0010,1770.0,9,7.94,38.5,0
current_23.csv:48000:51200,current_23.csv,48000,51200,15.0,16.0,3200,0,normal,0.2866697311401367,0.5,auto-normal,1770.0,9,7.94,38.5,0
current_23.csv:52800:56000,current_23.csv,52800,56000,16.5,17.5,3200,0,normal,0.2631499171257019,0.5,auto-normal,1770.0,9,7.94,38.5,0
current_23.csv:59200:62400,current_23.csv,59200,62400,18.5,19.5,3200,0,normal,0.24812406301498413,0.5,auto-normal,1770.0,9,7.94,38.5,0
current_23.csv:67200:70400,current_23.csv,67200,70400,21.0,22.0,3200,0,normal,0.23781166970729828,0.5,auto-normal,1770.0,9,7.94,38.5,0
current_23.csv:70400:73600,current_23.csv,70400,73600,22.0,23.0,3200,0,normal,0.2920885682106018,0.5,auto-normal,1770.0,9,7.94,38.5,0
current_23.csv:72000:75200,current_23.csv,72000,75200,22.5,23.5,3200,0,normal,0.2783842980861664,0.5,auto-normal,1770.0,9,7.94,38.5,0
current_23.csv:88000:91200,current_23.csv,88000,91200,27.5,28.5,3200,0,normal,0.23477402329444885,0.5,auto-normal,1770.0,9,7.94,38.5,0
current_23.csv:102400:105600,current_23.csv,102400,105600,32.0,33.0,3200,0,normal,0.2561047077178955,0.5,auto-normal,1770.0,9,7.94,38.5,0
current_23.csv:118400:121600,current_23.csv,118400,121600,37.0,38.0,3200,0,normal,0.3479712903499603,0.5,auto-normal,1770.0,9,7.94,38.5,0
current_23.csv:121600:124800,current_23.csv,121600,124800,38.0,39.0,3200,0,normal,0.28976568579673767,0.5,auto-normal,1770.0,9,7.94,38.5,0
current_23.csv:126400:129600,current_23.csv,126400,129600,39.5,40.5,3200,0,normal,0.29227757453918457,0.5,auto-normal,1770.0,9,7.94,38.5,0
current_23.csv:158400:161600,current_23.csv,158400,161600,49.5,50.5,3200,0,normal,0.24446678161621094,0.5,auto-normal,1770.0,9,7.94,38.5,0
current_23.csv:166400:169600,current_23.csv,166400,169600,52.0,53.0,3200,0,normal,0.26726505160331726,0.5,auto-normal,1770.0,9,7.94,38.5,0
current_23.csv:172800:176000,current_23.csv,172800,176000,54.0,55.0,3200,0,normal,0.2394714057445526,0.5,auto-normal,1770.0,9,7.94,38.5,0
current_23.csv:182400:185600,current_23.csv,182400,185600,57.0,58.0,3200,0,normal,0.340570867061615,0.5,auto-normal,1770.0,9,7.94,38.5,0
current_24.csv:44800:48000,current_24.csv,44800,48000,14.0,15.0,3200,0,normal,0.22342456877231598,0.5,auto-normal,1770.0,9,7.94,38.5,0
current_24.csv:48000:51200,current_24.csv,48000,51200,15.0,16.0,3200,0,normal,0.19152897596359253,0.5,auto-normal,1770.0,9,7.94,38.5,0
current_24.csv:57600:60800,current_24.csv,57600,60800,18.0,19.0,3200,0,normal,0.2965696454048157,0.5,auto-normal,1770.0,9,7.94,38.5,0
current_24.csv:62400:65600,current_24.csv,62400,65600,19.5,20.5,3200,0,normal,0.19143743813037872,0.5,auto-normal,1770.0,9,7.94,38.5,0
current_24.csv:76800:80000,current_24.csv,76800,80000,24.0,25.0,3200,0,normal,0.22593635320663452,0.5,auto-normal,1770.0,9,7.94,38.5,0
current_24.csv:112000:115200,current_24.csv,112000,115200,35.0,36.0,3200,0,normal,0.23654991388320923,0.5,auto-normal,1770.0,9,7.94,38.5,0
current_24.csv:144000:147200,current_24.csv,144000,147200,45.0,46.0,3200,0,normal,0.26851886510849,0.5,auto-normal,1770.0,9,7.94,38.5,0
current_24.csv:152000:155200,current_24.csv,152000,155200,47.5,48.5,3200,0,normal,0.2762862741947174,0.5,auto-normal,1770.0,9,7.94,38.5,0
current_24.csv:155200:158400,current_24.csv,155200,158400,48.5,49.5,3200,0,normal,0.34237173199653625,0.5,auto-normal,1770.0,9,7.94,38.5,0
current_24.csv:187200:190400,current_24.csv,187200,190400,58.5,59.5,3200,0,normal,0.19015547633171082,0.5,auto-normal,1770.0,9,7.94,38.5,0
current_24.csv:198400:201600,current_24.csv,198400,201600,62.0,63.0,3200,0,normal,0.30566662549972534,0.5,auto-normal,1770.0,9,7.94,38.5,0
current_24.csv:254400:257600,current_24.csv,254400,257600,79.5,80.5,3200,0,normal,0.22044210135936737,0.5,auto-normal,1770.0,9,7.94,38.5,0
current_24.csv:257600:260800,current_24.csv,257600,260800,80.5,81.5,3200,0,normal,0.2306300401687622,0.5,auto-normal,1770.0,9,7.94,38.5,0
current_24.csv:275200:278400,current_24.csv,275200,278400,86.0,87.0,3200,1,FTF,0.4398197531700134,0.5124433901702283,auto-FTF score=0.0011,1770.0,9,7.94,38.5,0
current_24.csv:278400:281600,current_24.csv,278400,281600,87.0,88.0,3200,0,normal,0.28992703557014465,0.5,auto-normal,1770.0,9,7.94,38.5,0
current_24.csv:316800:320000,current_24.csv,316800,320000,99.0,100.0,3200,0,normal,0.30153751373291016,0.5,auto-normal,1770.0,9,7.94,38.5,0
current_24.csv:353600:356800,current_24.csv,353600,356800,110.5,111.5,3200,1,FTF,0.40962541103363037,0.5030077611417877,auto-FTF score=0.0010,1770.0,9,7.94,38.5,0
current_25.csv:14400:17600,current_25.csv,14400,17600,4.5,5.5,3200,0,normal,0.21630467474460602,0.5,auto-normal,1770.0,9,7.94,38.5,0
current_25.csv:65600:68800,current_25.csv,65600,68800,20.5,21.5,3200,0,normal,0.19824320077896118,0.5,auto-normal,1770.0,9,7.94,38.5,0
current_25.csv:72000:75200,current_25.csv,72000,75200,22.5,23.5,3200,0,normal,0.22611944377422333,0.5,auto-normal,1770.0,9,7.94,38.5,0
current_25.csv:80000:83200,current_25.csv,80000,83200,25.0,26.0,3200,0,normal,0.1690397411584854,0.5,auto-normal,1770.0,9,7.94,38.5,0
current_25.csv:83200:86400,current_25.csv,83200,86400,26.0,27.0,3200,0,normal,0.15368938446044922,0.5,auto-normal,1770.0,9,7.94,38.5,0
current_25.csv:86400:89600,current_25.csv,86400,89600,27.0,28.0,3200,0,normal,0.16482935845851898,0.5,auto-normal,1770.0,9,7.94,38.5,0
current_25.csv:91200:94400,current_25.csv,91200,94400,28.5,29.5,3200,0,normal,0.19496457278728485,0.5,auto-normal,1770.0,9,7.94,38.5,0
current_25.csv:104000:107200,current_25.csv,104000,107200,32.5,33.5,3200,0,normal,0.14859606325626373,0.5,auto-normal,1770.0,9,7.94,38.5,0
current_25.csv:113600:116800,current_25.csv,113600,116800,35.5,36.5,3200,0,normal,0.19415827095508575,0.5,auto-normal,1770.0,9,7.94,38.5,0
current_25.csv:134400:137600,current_25.csv,134400,137600,42.0,43.0,3200,0,normal,0.16751910746097565,0.5,auto-normal,1770.0,9,7.94,38.5,0
current_25.csv:136000:139200,current_25.csv,136000,139200,42.5,43.5,3200,0,normal,0.28488078713417053,0.5,auto-normal,1770.0,9,7.94,38.5,0
current_25.csv:140800:144000,current_25.csv,140800,144000,44.0,45.0,3200,0,normal,0.16436885297298431,0.5,auto-normal,1770.0,9,7.94,38.5,0
current_25.csv:174400:177600,current_25.csv,174400,177600,54.5,55.5,3200,0,normal,0.2305537313222885,0.5,auto-normal,1770.0,9,7.94,38.5,0
current_25.csv:177600:180800,current_25.csv,177600,180800,55.5,56.5,3200,0,normal,0.2730550467967987,0.5,auto-normal,1770.0,9,7.94,38.5,0
current_25.csv:185600:188800,current_25.csv,185600,188800,58.0,59.0,3200,0,normal,0.1541936695575714,0.5,auto-normal,1770.0,9,7.94,38.5,0
current_26.csv:3200:6400,current_26.csv,3200,6400,1.0,2.0,3200,0,normal,0.24327151477336884,0.5,auto-normal,1770.0,9,7.94,38.5,0
current_26.csv:75200:78400,current_26.csv,75200,78400,23.5,24.5,3200,0,normal,0.25004494190216064,0.5,auto-normal,1770.0,9,7.94,38.5,0
current_26.csv:91200:94400,current_26.csv,91200,94400,28.5,29.5,3200,0,normal,0.25742465257644653,0.5,auto-normal,1770.0,9,7.94,38.5,0
current_26.csv:94400:97600,current_26.csv,94400,97600,29.5,30.5,3200,0,normal,0.26588815450668335,0.5,auto-normal,1770.0,9,7.94,38.5,0
current_26.csv:136000:139200,current_26.csv,136000,139200,42.5,43.5,3200,0,normal,0.2731938064098358,0.5,auto-normal,1770.0,9,7.94,38.5,0
current_26.csv:139200:142400,current_26.csv,139200,142400,43.5,44.5,3200,0,normal,0.3212434649467468,0.5,auto-normal,1770.0,9,7.94,38.5,0
current_26.csv:147200:150400,current_26.csv,147200,150400,46.0,47.0,3200,0,normal,0.16626740992069244,0.5,auto-normal,1770.0,9,7.94,38.5,0
current_26.csv:172800:176000,current_26.csv,172800,176000,54.0,55.0,3200,0,normal,0.21238456666469574,0.5,auto-normal,1770.0,9,7.94,38.5,0
current_26.csv:177600:180800,current_26.csv,177600,180800,55.5,56.5,3200,0,normal,0.2696578800678253,0.5,auto-normal,1770.0,9,7.94,38.5,0
current_26.csv:182400:185600,current_26.csv,182400,185600,57.0,58.0,3200,0,normal,0.28991183638572693,0.5,auto-normal,1770.0,9,7.94,38.5,0
current_26.csv:200000:203200,current_26.csv,200000,203200,62.5,63.5,3200,0,normal,0.18234635889530182,0.5,auto-normal,1770.0,9,7.94,38.5,0
current_26.csv:270400:273600,current_26.csv,270400,273600,84.5,85.5,3200,0,normal,0.21837005019187927,0.5,auto-normal,1770.0,9,7.94,38.5,0
current_26.csv:276800:280000,current_26.csv,276800,280000,86.5,87.5,3200,0,normal,0.23160097002983093,0.5,auto-normal,1770.0,9,7.94,38.5,0
current_26.csv:291200:294400,current_26.csv,291200,294400,91.0,92.0,3200,0,normal,0.2481166273355484,0.5,auto-normal,1770.0,9,7.94,38.5,0
current_26.csv:339200:342400,current_26.csv,339200,342400,106.0,107.0,3200,0,normal,0.20744109153747559,0.5,auto-normal,1770.0,9,7.94,38.5,0
current_27.csv:16000:19200,current_27.csv,16000,19200,5.0,6.0,3200,0,normal,0.23415952920913696,0.5,auto-normal,1770.0,9,7.94,38.5,0
current_27.csv:17600:20800,current_27.csv,17600,20800,5.5,6.5,3200,0,normal,0.2856413722038269,0.5,auto-normal,1770.0,9,7.94,38.5,0
current_27.csv:32000:35200,current_27.csv,32000,35200,10.0,11.0,3200,0,normal,0.18657837808132172,0.5,auto-normal,1770.0,9,7.94,38.5,0
current_27.csv:57600:60800,current_27.csv,57600,60800,18.0,19.0,3200,0,normal,0.18869169056415558,0.5,auto-normal,1770.0,9,7.94,38.5,0
current_27.csv:67200:70400,current_27.csv,67200,70400,21.0,22.0,3200,0,normal,0.22938083112239838,0.5,auto-normal,1770.0,9,7.94,38.5,0
current_27.csv:70400:73600,current_27.csv,70400,73600,22.0,23.0,3200,0,normal,0.3315674662590027,0.5,auto-normal,1770.0,9,7.94,38.5,0
current_27.csv:84800:88000,current_27.csv,84800,88000,26.5,27.5,3200,0,normal,0.23891109228134155,0.5,auto-normal,1770.0,9,7.94,38.5,0
current_27.csv:118400:121600,current_27.csv,118400,121600,37.0,38.0,3200,0,normal,0.2351166009902954,0.5,auto-normal,1770.0,9,7.94,38.5,0
current_27.csv:131200:134400,current_27.csv,131200,134400,41.0,42.0,3200,0,normal,0.244767427444458,0.5,auto-normal,1770.0,9,7.94,38.5,0
current_27.csv:139200:142400,current_27.csv,139200,142400,43.5,44.5,3200,0,normal,0.29033127427101135,0.5,auto-normal,1770.0,9,7.94,38.5,0
current_27.csv:156800:160000,current_27.csv,156800,160000,49.0,50.0,3200,0,normal,0.2666114270687103,0.5,auto-normal,1770.0,9,7.94,38.5,0
current_27.csv:163200:166400,current_27.csv,163200,166400,51.0,52.0,3200,0,normal,0.19969378411769867,0.5,auto-normal,1770.0,9,7.94,38.5,0
current_27.csv:169600:172800,current_27.csv,169600,172800,53.0,54.0,3200,0,normal,0.3019804358482361,0.5,auto-normal,1770.0,9,7.94,38.5,0
current_27.csv:171200:174400,current_27.csv,171200,174400,53.5,54.5,3200,0,normal,0.21558868885040283,0.5,auto-normal,1770.0,9,7.94,38.5,0
current_27.csv:176000:179200,current_27.csv,176000,179200,55.0,56.0,3200,0,normal,0.1798713207244873,0.5,auto-normal,1770.0,9,7.94,38.5,0
current_28.csv:30400:33600,current_28.csv,30400,33600,9.5,10.5,3200,0,normal,0.2662298083305359,0.5,auto-normal,1770.0,9,7.94,38.5,0
current_28.csv:51200:54400,current_28.csv,51200,54400,16.0,17.0,3200,0,normal,0.2723159193992615,0.5,auto-normal,1770.0,9,7.94,38.5,0
current_28.csv:91200:94400,current_28.csv,91200,94400,28.5,29.5,3200,0,normal,0.312495619058609,0.5,auto-normal,1770.0,9,7.94,38.5,0
current_28.csv:100800:104000,current_28.csv,100800,104000,31.5,32.5,3200,0,normal,0.2676553726196289,0.5,auto-normal,1770.0,9,7.94,38.5,0
current_28.csv:163200:166400,current_28.csv,163200,166400,51.0,52.0,3200,0,normal,0.2962802052497864,0.5,auto-normal,1770.0,9,7.94,38.5,0
current_28.csv:168000:171200,current_28.csv,168000,171200,52.5,53.5,3200,0,normal,0.22053688764572144,0.5,auto-normal,1770.0,9,7.94,38.5,0
current_28.csv:184000:187200,current_28.csv,184000,187200,57.5,58.5,3200,0,normal,0.25758761167526245,0.5,auto-normal,1770.0,9,7.94,38.5,0
current_28.csv:201600:204800,current_28.csv,201600,204800,63.0,64.0,3200,0,normal,0.1601717323064804,0.5,auto-normal,1770.0,9,7.94,38.5,0
current_28.csv:249600:252800,current_28.csv,249600,252800,78.0,79.0,3200,0,normal,0.2536158859729767,0.5,auto-normal,1770.0,9,7.94,38.5,0
current_28.csv:265600:268800,current_28.csv,265600,268800,83.0,84.0,3200,0,normal,0.26825135946273804,0.5,auto-normal,1770.0,9,7.94,38.5,0
current_28.csv:267200:270400,current_28.csv,267200,270400,83.5,84.5,3200,0,normal,0.2555094063282013,0.5,auto-normal,1770.0,9,7.94,38.5,0
current_28.csv:283200:286400,current_28.csv,283200,286400,88.5,89.5,3200,0,normal,0.20948901772499084,0.5,auto-normal,1770.0,9,7.94,38.5,0
current_28.csv:284800:288000,current_28.csv,284800,288000,89.0,90.0,3200,0,normal,0.17200541496276855,0.5,auto-normal,1770.0,9,7.94,38.5,0
current_28.csv:310400:313600,current_28.csv,310400,313600,97.0,98.0,3200,0,normal,0.25176599621772766,0.5,auto-normal,1770.0,9,7.94,38.5,0
current_28.csv:379200:382400,current_28.csv,379200,382400,118.5,119.5,3200,0,normal,0.2863108813762665,0.5,auto-normal,1770.0,9,7.94,38.5,0
current_29.csv:24000:27200,current_29.csv,24000,27200,7.5,8.5,3200,0,normal,0.245467871427536,0.5,auto-normal,1770.0,9,7.94,38.5,0
current_29.csv:40000:43200,current_29.csv,40000,43200,12.5,13.5,3200,0,normal,0.275858074426651,0.5,auto-normal,1770.0,9,7.94,38.5,0
current_29.csv:121600:124800,current_29.csv,121600,124800,38.0,39.0,3200,0,normal,0.22955262660980225,0.5,auto-normal,1770.0,9,7.94,38.5,0
current_29.csv:140800:144000,current_29.csv,140800,144000,44.0,45.0,3200,0,normal,0.298408567905426,0.5,auto-normal,1770.0,9,7.94,38.5,0
current_29.csv:155200:158400,current_29.csv,155200,158400,48.5,49.5,3200,0,normal,0.22116386890411377,0.5,auto-normal,1770.0,9,7.94,38.5,0
current_29.csv:160000:163200,current_29.csv,160000,163200,50.0,51.0,3200,0,normal,0.24713747203350067,0.5,auto-normal,1770.0,9,7.94,38.5,0
current_29.csv:171200:174400,current_29.csv,171200,174400,53.5,54.5,3200,0,normal,0.34529849886894226,0.5,auto-normal,1770.0,9,7.94,38.5,0
current_29.csv:176000:179200,current_29.csv,176000,179200,55.0,56.0,3200,0,normal,0.2122504860162735,0.5,auto-normal,1770.0,9,7.94,38.5,0
current_29.csv:177600:180800,current_29.csv,177600,180800,55.5,56.5,3200,0,normal,0.2650599181652069,0.5,auto-normal,1770.0,9,7.94,38.5,0
current_29.csv:256000:259200,current_29.csv,256000,259200,80.0,81.0,3200,0,normal,0.2568839192390442,0.5,auto-normal,1770.0,9,7.94,38.5,0
current_29.csv:262400:265600,current_29.csv,262400,265600,82.0,83.0,3200,0,normal,0.3239082992076874,0.5,auto-normal,1770.0,9,7.94,38.5,0
current_29.csv:268800:272000,current_29.csv,268800,272000,84.0,85.0,3200,0,normal,0.2438569813966751,0.5,auto-normal,1770.0,9,7.94,38.5,0
current_29.csv:280000:283200,current_29.csv,280000,283200,87.5,88.5,3200,0,normal,0.23572473227977753,0.5,auto-normal,1770.0,9,7.94,38.5,0
current_29.csv:300800:304000,current_29.csv,300800,304000,94.0,95.0,3200,0,normal,0.22332392632961273,0.5,auto-normal,1770.0,9,7.94,38.5,0
current_29.csv:302400:305600,current_29.csv,302400,305600,94.5,95.5,3200,0,normal,0.2620786428451538,0.5,auto-normal,1770.0,9,7.94,38.5,0
current_3.csv:9600:12800,current_3.csv,9600,12800,3.0,4.0,3200,0,normal,0.2810767590999603,0.5,auto-normal,1770.0,9,7.94,38.5,0
current_3.csv:60800:64000,current_3.csv,60800,64000,19.0,20.0,3200,0,normal,0.2569487392902374,0.5,auto-normal,1770.0,9,7.94,38.5,0
current_3.csv:83200:86400,current_3.csv,83200,86400,26.0,27.0,3200,0,normal,0.24699659645557404,0.5,auto-normal,1770.0,9,7.94,38.5,0
current_3.csv:91200:94400,current_3.csv,91200,94400,28.5,29.5,3200,0,normal,0.28725671768188477,0.5,auto-normal,1770.0,9,7.94,38.5,0
current_3.csv:97600:100800,current_3.csv,97600,100800,30.5,31.5,3200,0,normal,0.30190542340278625,0.5,auto-normal,1770.0,9,7.94,38.5,0
current_3.csv:118400:121600,current_3.csv,118400,121600,37.0,38.0,3200,0,normal,0.27267953753471375,0.5,auto-normal,1770.0,9,7.94,38.5,0
current_3.csv:121600:124800,current_3.csv,121600,124800,38.0,39.0,3200,0,normal,0.19913525879383087,0.5,auto-normal,1770.0,9,7.94,38.5,0
current_3.csv:126400:129600,current_3.csv,126400,129600,39.5,40.5,3200,0,normal,0.2529834508895874,0.5,auto-normal,1770.0,9,7.94,38.5,0
current_3.csv:131200:134400,current_3.csv,131200,134400,41.0,42.0,3200,0,normal,0.29530245065689087,0.5,auto-normal,1770.0,9,7.94,38.5,0
current_3.csv:134400:137600,current_3.csv,134400,137600,42.0,43.0,3200,0,normal,0.2801518738269806,0.5,auto-normal,1770.0,9,7.94,38.5,0
current_3.csv:147200:150400,current_3.csv,147200,150400,46.0,47.0,3200,0,normal,0.22931498289108276,0.5,auto-normal,1770.0,9,7.94,38.5,0
current_3.csv:148800:152000,current_3.csv,148800,152000,46.5,47.5,3200,0,normal,0.22380594909191132,0.5,auto-normal,1770.0,9,7.94,38.5,0
current_3.csv:174400:177600,current_3.csv,174400,177600,54.5,55.5,3200,0,normal,0.2293415069580078,0.5,auto-normal,1770.0,9,7.94,38.5,0
current_3.csv:176000:179200,current_3.csv,176000,179200,55.0,56.0,3200,0,normal,0.22976578772068024,0.5,auto-normal,1770.0,9,7.94,38.5,0
current_3.csv:177600:180800,current_3.csv,177600,180800,55.5,56.5,3200,0,normal,0.22846719622612,0.5,auto-normal,1770.0,9,7.94,38.5,0
current_30.csv:62400:65600,current_30.csv,62400,65600,19.5,20.5,3200,0,normal,0.27380919456481934,0.5,auto-normal,1770.0,9,7.94,38.5,0
current_30.csv:65600:68800,current_30.csv,65600,68800,20.5,21.5,3200,0,normal,0.34956228733062744,0.5,auto-normal,1770.0,9,7.94,38.5,0
current_30.csv:81600:84800,current_30.csv,81600,84800,25.5,26.5,3200,0,normal,0.24061107635498047,0.5,auto-normal,1770.0,9,7.94,38.5,0
current_30.csv:84800:88000,current_30.csv,84800,88000,26.5,27.5,3200,0,normal,0.2849997878074646,0.5,auto-normal,1770.0,9,7.94,38.5,0
current_30.csv:113600:116800,current_30.csv,113600,116800,35.5,36.5,3200,0,normal,0.2369653880596161,0.5,auto-normal,1770.0,9,7.94,38.5,0
current_30.csv:142400:145600,current_30.csv,142400,145600,44.5,45.5,3200,0,normal,0.28892195224761963,0.5,auto-normal,1770.0,9,7.94,38.5,0
current_30.csv:148800:152000,current_30.csv,148800,152000,46.5,47.5,3200,0,normal,0.2989322543144226,0.5,auto-normal,1770.0,9,7.94,38.5,0
current_30.csv:155200:158400,current_30.csv,155200,158400,48.5,49.5,3200,0,normal,0.28164684772491455,0.5,auto-normal,1770.0,9,7.94,38.5,0
current_30.csv:193600:196800,current_30.csv,193600,196800,60.5,61.5,3200,0,normal,0.22055833041667938,0.5,auto-normal,1770.0,9,7.94,38.5,0
current_30.csv:200000:203200,current_30.csv,200000,203200,62.5,63.5,3200,0,normal,0.27133771777153015,0.5,auto-normal,1770.0,9,7.94,38.5,0
current_30.csv:209600:212800,current_30.csv,209600,212800,65.5,66.5,3200,0,normal,0.13806219398975372,0.5,auto-normal,1770.0,9,7.94,38.5,0
current_30.csv:212800:216000,current_30.csv,212800,216000,66.5,67.5,3200,0,normal,0.16060994565486908,0.5,auto-normal,1770.0,9,7.94,38.5,0
current_30.csv:217600:220800,current_30.csv,217600,220800,68.0,69.0,3200,0,normal,0.166802778840065,0.5,auto-normal,1770.0,9,7.94,38.5,0
current_30.csv:228800:232000,current_30.csv,228800,232000,71.5,72.5,3200,0,normal,0.2069813460111618,0.5,auto-normal,1770.0,9,7.94,38.5,0
current_30.csv:262400:265600,current_30.csv,262400,265600,82.0,83.0,3200,0,normal,0.12589849531650543,0.5,auto-normal,1770.0,9,7.94,38.5,0
current_31.csv:1600:4800,current_31.csv,1600,4800,0.5,1.5,3200,0,normal,0.14517466723918915,0.5,auto-normal,1770.0,9,7.94,38.5,0
current_31.csv:3200:6400,current_31.csv,3200,6400,1.0,2.0,3200,0,normal,0.32293176651000977,0.5,auto-normal,1770.0,9,7.94,38.5,0
current_31.csv:11200:14400,current_31.csv,11200,14400,3.5,4.5,3200,0,normal,0.18953554332256317,0.5,auto-normal,1770.0,9,7.94,38.5,0
current_31.csv:14400:17600,current_31.csv,14400,17600,4.5,5.5,3200,0,normal,0.20810696482658386,0.5,auto-normal,1770.0,9,7.94,38.5,0
current_31.csv:32000:35200,current_31.csv,32000,35200,10.0,11.0,3200,0,normal,0.13672231137752533,0.5,auto-normal,1770.0,9,7.94,38.5,0
current_31.csv:33600:36800,current_31.csv,33600,36800,10.5,11.5,3200,0,normal,0.27696678042411804,0.5,auto-normal,1770.0,9,7.94,38.5,0
current_31.csv:35200:38400,current_31.csv,35200,38400,11.0,12.0,3200,0,normal,0.1931859850883484,0.5,auto-normal,1770.0,9,7.94,38.5,0
current_31.csv:52800:56000,current_31.csv,52800,56000,16.5,17.5,3200,0,normal,0.14009299874305725,0.5,auto-normal,1770.0,9,7.94,38.5,0
current_31.csv:65600:68800,current_31.csv,65600,68800,20.5,21.5,3200,0,normal,0.21921801567077637,0.5,auto-normal,1770.0,9,7.94,38.5,0
current_31.csv:72000:75200,current_31.csv,72000,75200,22.5,23.5,3200,0,normal,0.2220965027809143,0.5,auto-normal,1770.0,9,7.94,38.5,0
current_31.csv:123200:126400,current_31.csv,123200,126400,38.5,39.5,3200,0,normal,0.22637152671813965,0.5,auto-normal,1770.0,9,7.94,38.5,0
current_31.csv:129600:132800,current_31.csv,129600,132800,40.5,41.5,3200,0,normal,0.23205164074897766,0.5,auto-normal,1770.0,9,7.94,38.5,0
current_31.csv:134400:137600,current_31.csv,134400,137600,42.0,43.0,3200,0,normal,0.21205244958400726,0.5,auto-normal,1770.0,9,7.94,38.5,0
current_31.csv:150400:153600,current_31.csv,150400,153600,47.0,48.0,3200,0,normal,0.20160211622714996,0.5,auto-normal,1770.0,9,7.94,38.5,0
current_31.csv:188800:192000,current_31.csv,188800,192000,59.0,60.0,3200,0,normal,0.18995657563209534,0.5,auto-normal,1770.0,9,7.94,38.5,0
current_32.csv:11200:14400,current_32.csv,11200,14400,3.5,4.5,3200,0,normal,0.2199450433254242,0.5,auto-normal,1770.0,9,7.94,38.5,0
current_32.csv:73600:76800,current_32.csv,73600,76800,23.0,24.0,3200,0,normal,0.25831517577171326,0.5,auto-normal,1770.0,9,7.94,38.5,0
current_32.csv:94400:97600,current_32.csv,94400,97600,29.5,30.5,3200,0,normal,0.25692683458328247,0.5,auto-normal,1770.0,9,7.94,38.5,0
current_32.csv:108800:112000,current_32.csv,108800,112000,34.0,35.0,3200,0,normal,0.16793274879455566,0.5,auto-normal,1770.0,9,7.94,38.5,0
current_32.csv:187200:190400,current_32.csv,187200,190400,58.5,59.5,3200,0,normal,0.2580460011959076,0.5,auto-normal,1770.0,9,7.94,38.5,0
current_32.csv:200000:203200,current_32.csv,200000,203200,62.5,63.5,3200,0,normal,0.21656352281570435,0.5,auto-normal,1770.0,9,7.94,38.5,0
current_32.csv:214400:217600,current_32.csv,214400,217600,67.0,68.0,3200,0,normal,0.26147547364234924,0.5,auto-normal,1770.0,9,7.94,38.5,0
current_32.csv:216000:219200,current_32.csv,216000,219200,67.5,68.5,3200,0,normal,0.21938344836235046,0.5,auto-normal,1770.0,9,7.94,38.5,0
current_32.csv:219200:222400,current_32.csv,219200,222400,68.5,69.5,3200,0,normal,0.2559773325920105,0.5,auto-normal,1770.0,9,7.94,38.5,0
current_32.csv:222400:225600,current_32.csv,222400,225600,69.5,70.5,3200,0,normal,0.2256198674440384,0.5,auto-normal,1770.0,9,7.94,38.5,0
current_32.csv:267200:270400,current_32.csv,267200,270400,83.5,84.5,3200,0,normal,0.2756430208683014,0.5,auto-normal,1770.0,9,7.94,38.5,0
current_32.csv:276800:280000,current_32.csv,276800,280000,86.5,87.5,3200,0,normal,0.23199400305747986,0.5,auto-normal,1770.0,9,7.94,38.5,0
current_32.csv:294400:297600,current_32.csv,294400,297600,92.0,93.0,3200,0,normal,0.1744282990694046,0.5,auto-normal,1770.0,9,7.94,38.5,0
current_32.csv:340800:344000,current_32.csv,340800,344000,106.5,107.5,3200,0,normal,0.2514248788356781,0.5,auto-normal,1770.0,9,7.94,38.5,0
current_32.csv:377600:380800,current_32.csv,377600,380800,118.0,119.0,3200,0,normal,0.19856369495391846,0.5,auto-normal,1770.0,9,7.94,38.5,0
current_33.csv:1600:4800,current_33.csv,1600,4800,0.5,1.5,3200,0,normal,0.21189551055431366,0.5,auto-normal,1770.0,9,7.94,38.5,0
current_33.csv:28800:32000,current_33.csv,28800,32000,9.0,10.0,3200,0,normal,0.23566964268684387,0.5,auto-normal,1770.0,9,7.94,38.5,0
current_33.csv:70400:73600,current_33.csv,70400,73600,22.0,23.0,3200,0,normal,0.2508782744407654,0.5,auto-normal,1770.0,9,7.94,38.5,0
current_33.csv:89600:92800,current_33.csv,89600,92800,28.0,29.0,3200,0,normal,0.2984933853149414,0.5,auto-normal,1770.0,9,7.94,38.5,0
current_33.csv:91200:94400,current_33.csv,91200,94400,28.5,29.5,3200,0,normal,0.34908539056777954,0.5,auto-normal,1770.0,9,7.94,38.5,0
current_33.csv:97600:100800,current_33.csv,97600,100800,30.5,31.5,3200,0,normal,0.24695846438407898,0.5,auto-normal,1770.0,9,7.94,38.5,0
current_33.csv:153600:156800,current_33.csv,153600,156800,48.0,49.0,3200,0,normal,0.1909763216972351,0.5,auto-normal,1770.0,9,7.94,38.5,0
current_33.csv:160000:163200,current_33.csv,160000,163200,50.0,51.0,3200,0,normal,0.22211316227912903,0.5,auto-normal,1770.0,9,7.94,38.5,0
current_33.csv:171200:174400,current_33.csv,171200,174400,53.5,54.5,3200,0,normal,0.294015109539032,0.5,auto-normal,1770.0,9,7.94,38.5,0
current_33.csv:265600:268800,current_33.csv,265600,268800,83.0,84.0,3200,0,normal,0.263045996427536,0.5,auto-normal,1770.0,9,7.94,38.5,0
current_33.csv:286400:289600,current_33.csv,286400,289600,89.5,90.5,3200,0,normal,0.297782838344574,0.5,auto-normal,1770.0,9,7.94,38.5,0
current_33.csv:289600:292800,current_33.csv,289600,292800,90.5,91.5,3200,0,normal,0.25496014952659607,0.5,auto-normal,1770.0,9,7.94,38.5,0
current_33.csv:291200:294400,current_33.csv,291200,294400,91.0,92.0,3200,0,normal,0.32212963700294495,0.5,auto-normal,1770.0,9,7.94,38.5,0
current_33.csv:292800:296000,current_33.csv,292800,296000,91.5,92.5,3200,0,normal,0.2464294284582138,0.5,auto-normal,1770.0,9,7.94,38.5,0
current_33.csv:368000:371200,current_33.csv,368000,371200,115.0,116.0,3200,0,normal,0.2575359344482422,0.5,auto-normal,1770.0,9,7.94,38.5,0
current_34.csv:11200:14400,current_34.csv,11200,14400,3.5,4.5,3200,0,normal,0.22000038623809814,0.5,auto-normal,1770.0,9,7.94,38.5,0
current_34.csv:72000:75200,current_34.csv,72000,75200,22.5,23.5,3200,1,FTF,0.4061433970928192,0.5019196401547383,auto-FTF score=0.0010,1770.0,9,7.94,38.5,0
current_34.csv:81600:84800,current_34.csv,81600,84800,25.5,26.5,3200,0,normal,0.22555382549762726,0.5,auto-normal,1770.0,9,7.94,38.5,0
current_34.csv:97600:100800,current_34.csv,97600,100800,30.5,31.5,3200,0,normal,0.2391858845949173,0.5,auto-normal,1770.0,9,7.94,38.5,0
current_34.csv:152000:155200,current_34.csv,152000,155200,47.5,48.5,3200,0,normal,0.264501690864563,0.5,auto-normal,1770.0,9,7.94,38.5,0
current_34.csv:160000:163200,current_34.csv,160000,163200,50.0,51.0,3200,0,normal,0.18501681089401245,0.5,auto-normal,1770.0,9,7.94,38.5,0
current_34.csv:166400:169600,current_34.csv,166400,169600,52.0,53.0,3200,0,normal,0.2104502171278,0.5,auto-normal,1770.0,9,7.94,38.5,0
current_34.csv:206400:209600,current_34.csv,206400,209600,64.5,65.5,3200,0,normal,0.25268644094467163,0.5,auto-normal,1770.0,9,7.94,38.5,0
current_34.csv:236800:240000,current_34.csv,236800,240000,74.0,75.0,3200,0,normal,0.24755069613456726,0.5,auto-normal,1770.0,9,7.94,38.5,0
current_34.csv:289600:292800,current_34.csv,289600,292800,90.5,91.5,3200,0,normal,0.32573530077934265,0.5,auto-normal,1770.0,9,7.94,38.5,0
current_34.csv:299200:302400,current_34.csv,299200,302400,93.5,94.5,3200,0,normal,0.21319083869457245,0.5,auto-normal,1770.0,9,7.94,38.5,0
current_34.csv:326400:329600,current_34.csv,326400,329600,102.0,103.0,3200,0,normal,0.22359199821949005,0.5,auto-normal,1770.0,9,7.94,38.5,0
current_34.csv:328000:331200,current_34.csv,328000,331200,102.5,103.5,3200,0,normal,0.2949540317058563,0.5,auto-normal,1770.0,9,7.94,38.5,0
current_34.csv:339200:342400,current_34.csv,339200,342400,106.0,107.0,3200,0,normal,0.350910484790802,0.5,auto-normal,1770.0,9,7.94,38.5,0
current_34.csv:347200:350400,current_34.csv,347200,350400,108.5,109.5,3200,0,normal,0.22989003360271454,0.5,auto-normal,1770.0,9,7.94,38.5,0
current_34.csv:369600:372800,current_34.csv,369600,372800,115.5,116.5,3200,0,normal,0.28037548065185547,0.5,auto-normal,1770.0,9,7.94,38.5,0
current_35.csv:27200:30400,current_35.csv,27200,30400,8.5,9.5,3200,0,normal,0.23596517741680145,0.5,auto-normal,1770.0,9,7.94,38.5,0
current_35.csv:36800:40000,current_35.csv,36800,40000,11.5,12.5,3200,0,normal,0.2929983139038086,0.5,auto-normal,1770.0,9,7.94,38.5,0
current_35.csv:46400:49600,current_35.csv,46400,49600,14.5,15.5,3200,0,normal,0.31731390953063965,0.5,auto-normal,1770.0,9,7.94,38.5,0
current_35.csv:48000:51200,current_35.csv,48000,51200,15.0,16.0,3200,0,normal,0.3224523961544037,0.5,auto-normal,1770.0,9,7.94,38.5,0
current_35.csv:64000:67200,current_35.csv,64000,67200,20.0,21.0,3200,0,normal,0.21703778207302094,0.5,auto-normal,1770.0,9,7.94,38.5,0
current_35.csv:80000:83200,current_35.csv,80000,83200,25.0,26.0,3200,0,normal,0.28165605664253235,0.5,auto-normal,1770.0,9,7.94,38.5,0
current_35.csv:91200:94400,current_35.csv,91200,94400,28.5,29.5,3200,0,normal,0.2737318277359009,0.5,auto-normal,1770.0,9,7.94,38.5,0
current_35.csv:94400:97600,current_35.csv,94400,97600,29.5,30.5,3200,0,normal,0.3068990707397461,0.5,auto-normal,1770.0,9,7.94,38.5,0
current_35.csv:104000:107200,current_35.csv,104000,107200,32.5,33.5,3200,0,normal,0.28650736808776855,0.5,auto-normal,1770.0,9,7.94,38.5,0
current_35.csv:115200:118400,current_35.csv,115200,118400,36.0,37.0,3200,0,normal,0.27698633074760437,0.5,auto-normal,1770.0,9,7.94,38.5,0
current_35.csv:123200:126400,current_35.csv,123200,126400,38.5,39.5,3200,0,normal,0.27364662289619446,0.5,auto-normal,1770.0,9,7.94,38.5,0
current_35.csv:158400:161600,current_35.csv,158400,161600,49.5,50.5,3200,0,normal,0.3513030707836151,0.5,auto-normal,1770.0,9,7.94,38.5,0
current_35.csv:168000:171200,current_35.csv,168000,171200,52.5,53.5,3200,0,normal,0.22855070233345032,0.5,auto-normal,1770.0,9,7.94,38.5,0
current_35.csv:256000:259200,current_35.csv,256000,259200,80.0,81.0,3200,0,normal,0.26666948199272156,0.5,auto-normal,1770.0,9,7.94,38.5,0
current_35.csv:259200:262400,current_35.csv,259200,262400,81.0,82.0,3200,0,normal,0.2729353606700897,0.5,auto-normal,1770.0,9,7.94,38.5,0
current_36.csv:16000:19200,current_36.csv,16000,19200,5.0,6.0,3200,0,normal,0.17348545789718628,0.5,auto-normal,1770.0,9,7.94,38.5,0
current_36.csv:76800:80000,current_36.csv,76800,80000,24.0,25.0,3200,0,normal,0.2583128809928894,0.5,auto-normal,1770.0,9,7.94,38.5,0
current_36.csv:80000:83200,current_36.csv,80000,83200,25.0,26.0,3200,0,normal,0.19900833070278168,0.5,auto-normal,1770.0,9,7.94,38.5,0
current_36.csv:107200:110400,current_36.csv,107200,110400,33.5,34.5,3200,0,normal,0.21184810996055603,0.5,auto-normal,1770.0,9,7.94,38.5,0
current_36.csv:126400:129600,current_36.csv,126400,129600,39.5,40.5,3200,0,normal,0.20845702290534973,0.5,auto-normal,1770.0,9,7.94,38.5,0
current_36.csv:132800:136000,current_36.csv,132800,136000,41.5,42.5,3200,0,normal,0.24094760417938232,0.5,auto-normal,1770.0,9,7.94,38.5,0
current_36.csv:166400:169600,current_36.csv,166400,169600,52.0,53.0,3200,0,normal,0.2661132514476776,0.5,auto-normal,1770.0,9,7.94,38.5,0
current_36.csv:168000:171200,current_36.csv,168000,171200,52.5,53.5,3200,0,normal,0.24009205400943756,0.5,auto-normal,1770.0,9,7.94,38.5,0
current_36.csv:228800:232000,current_36.csv,228800,232000,71.5,72.5,3200,0,normal,0.14354534447193146,0.5,auto-normal,1770.0,9,7.94,38.5,0
current_36.csv:230400:233600,current_36.csv,230400,233600,72.0,73.0,3200,0,normal,0.29071125388145447,0.5,auto-normal,1770.0,9,7.94,38.5,0
current_36.csv:238400:241600,current_36.csv,238400,241600,74.5,75.5,3200,0,normal,0.20920969545841217,0.5,auto-normal,1770.0,9,7.94,38.5,0
current_36.csv:262400:265600,current_36.csv,262400,265600,82.0,83.0,3200,0,normal,0.1699138581752777,0.5,auto-normal,1770.0,9,7.94,38.5,0
current_36.csv:264000:267200,current_36.csv,264000,267200,82.5,83.5,3200,0,normal,0.2892377972602844,0.5,auto-normal,1770.0,9,7.94,38.5,0
current_36.csv:336000:339200,current_36.csv,336000,339200,105.0,106.0,3200,0,normal,0.3412252962589264,0.5,auto-normal,1770.0,9,7.94,38.5,0
current_36.csv:360000:363200,current_36.csv,360000,363200,112.5,113.5,3200,0,normal,0.21090419590473175,0.5,auto-normal,1770.0,9,7.94,38.5,0
current_37.csv:19200:22400,current_37.csv,19200,22400,6.0,7.0,3200,0,normal,0.2773980498313904,0.5,auto-normal,1770.0,9,7.94,38.5,0
current_37.csv:139200:142400,current_37.csv,139200,142400,43.5,44.5,3200,0,normal,0.2620221674442291,0.5,auto-normal,1770.0,9,7.94,38.5,0
current_37.csv:160000:163200,current_37.csv,160000,163200,50.0,51.0,3200,0,normal,0.23883521556854248,0.5,auto-normal,1770.0,9,7.94,38.5,0
current_37.csv:161600:164800,current_37.csv,161600,164800,50.5,51.5,3200,0,normal,0.20109866559505463,0.5,auto-normal,1770.0,9,7.94,38.5,0
current_37.csv:180800:184000,current_37.csv,180800,184000,56.5,57.5,3200,0,normal,0.17097735404968262,0.5,auto-normal,1770.0,9,7.94,38.5,0
current_37.csv:182400:185600,current_37.csv,182400,185600,57.0,58.0,3200,0,normal,0.2158057987689972,0.5,auto-normal,1770.0,9,7.94,38.5,0
current_37.csv:209600:212800,current_37.csv,209600,212800,65.5,66.5,3200,0,normal,0.2365100383758545,0.5,auto-normal,1770.0,9,7.94,38.5,0
current_37.csv:222400:225600,current_37.csv,222400,225600,69.5,70.5,3200,0,normal,0.24800780415534973,0.5,auto-normal,1770.0,9,7.94,38.5,0
current_37.csv:243200:246400,current_37.csv,243200,246400,76.0,77.0,3200,0,normal,0.2845453917980194,0.5,auto-normal,1770.0,9,7.94,38.5,0
current_37.csv:275200:278400,current_37.csv,275200,278400,86.0,87.0,3200,0,normal,0.2596241235733032,0.5,auto-normal,1770.0,9,7.94,38.5,0
current_37.csv:305600:308800,current_37.csv,305600,308800,95.5,96.5,3200,0,normal,0.2203981876373291,0.5,auto-normal,1770.0,9,7.94,38.5,0
current_37.csv:331200:334400,current_37.csv,331200,334400,103.5,104.5,3200,0,normal,0.19912093877792358,0.5,auto-normal,1770.0,9,7.94,38.5,0
current_37.csv:336000:339200,current_37.csv,336000,339200,105.0,106.0,3200,0,normal,0.2264116108417511,0.5,auto-normal,1770.0,9,7.94,38.5,0
current_37.csv:358400:361600,current_37.csv,358400,361600,112.0,113.0,3200,0,normal,0.24599580466747284,0.5,auto-normal,1770.0,9,7.94,38.5,0
current_37.csv:368000:371200,current_37.csv,368000,371200,115.0,116.0,3200,0,normal,0.2817302644252777,0.5,auto-normal,1770.0,9,7.94,38.5,0
current_38.csv:40000:43200,current_38.csv,40000,43200,12.5,13.5,3200,0,normal,0.1942480504512787,0.5,auto-normal,1770.0,9,7.94,38.5,0
current_38.csv:59200:62400,current_38.csv,59200,62400,18.5,19.5,3200,0,normal,0.2946237027645111,0.5,auto-normal,1770.0,9,7.94,38.5,0
current_38.csv:92800:96000,current_38.csv,92800,96000,29.0,30.0,3200,0,normal,0.2103928178548813,0.5,auto-normal,1770.0,9,7.94,38.5,0
current_38.csv:124800:128000,current_38.csv,124800,128000,39.0,40.0,3200,0,normal,0.2923390865325928,0.5,auto-normal,1770.0,9,7.94,38.5,0
current_38.csv:142400:145600,current_38.csv,142400,145600,44.5,45.5,3200,0,normal,0.24966441094875336,0.5,auto-normal,1770.0,9,7.94,38.5,0
current_38.csv:180800:184000,current_38.csv,180800,184000,56.5,57.5,3200,0,normal,0.30475306510925293,0.5,auto-normal,1770.0,9,7.94,38.5,0
current_38.csv:209600:212800,current_38.csv,209600,212800,65.5,66.5,3200,0,normal,0.2804458737373352,0.5,auto-normal,1770.0,9,7.94,38.5,0
current_38.csv:233600:236800,current_38.csv,233600,236800,73.0,74.0,3200,0,normal,0.2869192063808441,0.5,auto-normal,1770.0,9,7.94,38.5,0
current_38.csv:244800:248000,current_38.csv,244800,248000,76.5,77.5,3200,0,normal,0.2598883807659149,0.5,auto-normal,1770.0,9,7.94,38.5,0
current_38.csv:252800:256000,current_38.csv,252800,256000,79.0,80.0,3200,0,normal,0.2736887037754059,0.5,auto-normal,1770.0,9,7.94,38.5,0
current_38.csv:321600:324800,current_38.csv,321600,324800,100.5,101.5,3200,0,normal,0.17113538086414337,0.5,auto-normal,1770.0,9,7.94,38.5,0
current_38.csv:328000:331200,current_38.csv,328000,331200,102.5,103.5,3200,0,normal,0.2585388123989105,0.5,auto-normal,1770.0,9,7.94,38.5,0
current_38.csv:337600:340800,current_38.csv,337600,340800,105.5,106.5,3200,0,normal,0.30033138394355774,0.5,auto-normal,1770.0,9,7.94,38.5,0
current_38.csv:356800:360000,current_38.csv,356800,360000,111.5,112.5,3200,0,normal,0.30806005001068115,0.5,auto-normal,1770.0,9,7.94,38.5,0
current_38.csv:363200:366400,current_38.csv,363200,366400,113.5,114.5,3200,0,normal,0.22940005362033844,0.5,auto-normal,1770.0,9,7.94,38.5,0
current_4.csv:9600:12800,current_4.csv,9600,12800,3.0,4.0,3200,0,normal,0.2138349562883377,0.5,auto-normal,1770.0,9,7.94,38.5,0
current_4.csv:36800:40000,current_4.csv,36800,40000,11.5,12.5,3200,0,normal,0.2382671982049942,0.5,auto-normal,1770.0,9,7.94,38.5,0
current_4.csv:43200:46400,current_4.csv,43200,46400,13.5,14.5,3200,0,normal,0.14179517328739166,0.5,auto-normal,1770.0,9,7.94,38.5,0
current_4.csv:89600:92800,current_4.csv,89600,92800,28.0,29.0,3200,0,normal,0.25702598690986633,0.5,auto-normal,1770.0,9,7.94,38.5,0
current_4.csv:139200:142400,current_4.csv,139200,142400,43.5,44.5,3200,0,normal,0.26150238513946533,0.5,auto-normal,1770.0,9,7.94,38.5,0
current_4.csv:168000:171200,current_4.csv,168000,171200,52.5,53.5,3200,0,normal,0.2720130980014801,0.5,auto-normal,1770.0,9,7.94,38.5,0
current_4.csv:187200:190400,current_4.csv,187200,190400,58.5,59.5,3200,0,normal,0.2512253224849701,0.5,auto-normal,1770.0,9,7.94,38.5,0
current_4.csv:192000:195200,current_4.csv,192000,195200,60.0,61.0,3200,0,normal,0.22908011078834534,0.5,auto-normal,1770.0,9,7.94,38.5,0
current_4.csv:243200:246400,current_4.csv,243200,246400,76.0,77.0,3200,0,normal,0.24768981337547302,0.5,auto-normal,1770.0,9,7.94,38.5,0
current_4.csv:262400:265600,current_4.csv,262400,265600,82.0,83.0,3200,0,normal,0.1747952103614807,0.5,auto-normal,1770.0,9,7.94,38.5,0
current_4.csv:268800:272000,current_4.csv,268800,272000,84.0,85.0,3200,0,normal,0.16491040587425232,0.5,auto-normal,1770.0,9,7.94,38.5,0
current_4.csv:270400:273600,current_4.csv,270400,273600,84.5,85.5,3200,0,normal,0.19599656760692596,0.5,auto-normal,1770.0,9,7.94,38.5,0
current_4.csv:286400:289600,current_4.csv,286400,289600,89.5,90.5,3200,0,normal,0.26189589500427246,0.5,auto-normal,1770.0,9,7.94,38.5,0
current_4.csv:312000:315200,current_4.csv,312000,315200,97.5,98.5,3200,0,normal,0.2879236042499542,0.5,auto-normal,1770.0,9,7.94,38.5,0
current_4.csv:369600:372800,current_4.csv,369600,372800,115.5,116.5,3200,0,normal,0.2601090967655182,0.5,auto-normal,1770.0,9,7.94,38.5,0
current_5.csv:3200:6400,current_5.csv,3200,6400,1.0,2.0,3200,0,normal,0.3143753707408905,0.5,auto-normal,1770.0,9,7.94,38.5,0
current_5.csv:12800:16000,current_5.csv,12800,16000,4.0,5.0,3200,0,normal,0.28035345673561096,0.5,auto-normal,1770.0,9,7.94,38.5,0
current_5.csv:14400:17600,current_5.csv,14400,17600,4.5,5.5,3200,0,normal,0.27571919560432434,0.5,auto-normal,1770.0,9,7.94,38.5,0
current_5.csv:24000:27200,current_5.csv,24000,27200,7.5,8.5,3200,0,normal,0.29091644287109375,0.5,auto-normal,1770.0,9,7.94,38.5,0
current_5.csv:32000:35200,current_5.csv,32000,35200,10.0,11.0,3200,0,normal,0.28763526678085327,0.5,auto-normal,1770.0,9,7.94,38.5,0
current_5.csv:41600:44800,current_5.csv,41600,44800,13.0,14.0,3200,0,normal,0.2568439841270447,0.5,auto-normal,1770.0,9,7.94,38.5,0
current_5.csv:43200:46400,current_5.csv,43200,46400,13.5,14.5,3200,0,normal,0.2520676553249359,0.5,auto-normal,1770.0,9,7.94,38.5,0
current_5.csv:65600:68800,current_5.csv,65600,68800,20.5,21.5,3200,0,normal,0.25778812170028687,0.5,auto-normal,1770.0,9,7.94,38.5,0
current_5.csv:96000:99200,current_5.csv,96000,99200,30.0,31.0,3200,0,normal,0.24564619362354279,0.5,auto-normal,1770.0,9,7.94,38.5,0
current_5.csv:100800:104000,current_5.csv,100800,104000,31.5,32.5,3200,0,normal,0.2721844017505646,0.5,auto-normal,1770.0,9,7.94,38.5,0
current_5.csv:115200:118400,current_5.csv,115200,118400,36.0,37.0,3200,0,normal,0.25527966022491455,0.5,auto-normal,1770.0,9,7.94,38.5,0
current_5.csv:129600:132800,current_5.csv,129600,132800,40.5,41.5,3200,0,normal,0.30381840467453003,0.5,auto-normal,1770.0,9,7.94,38.5,0
current_5.csv:134400:137600,current_5.csv,134400,137600,42.0,43.0,3200,0,normal,0.3053703308105469,0.5,auto-normal,1770.0,9,7.94,38.5,0
current_5.csv:156800:160000,current_5.csv,156800,160000,49.0,50.0,3200,0,normal,0.2813062369823456,0.5,auto-normal,1770.0,9,7.94,38.5,0
current_5.csv:171200:174400,current_5.csv,171200,174400,53.5,54.5,3200,0,normal,0.25306394696235657,0.5,auto-normal,1770.0,9,7.94,38.5,0
current_6.csv:80000:83200,current_6.csv,80000,83200,25.0,26.0,3200,0,normal,0.3198995292186737,0.5,auto-normal,1770.0,9,7.94,38.5,0
current_6.csv:84800:88000,current_6.csv,84800,88000,26.5,27.5,3200,0,normal,0.2299327701330185,0.5,auto-normal,1770.0,9,7.94,38.5,0
current_6.csv:102400:105600,current_6.csv,102400,105600,32.0,33.0,3200,0,normal,0.26522138714790344,0.5,auto-normal,1770.0,9,7.94,38.5,0
current_6.csv:110400:113600,current_6.csv,110400,113600,34.5,35.5,3200,0,normal,0.2619534432888031,0.5,auto-normal,1770.0,9,7.94,38.5,0
current_6.csv:120000:123200,current_6.csv,120000,123200,37.5,38.5,3200,0,normal,0.20693735778331757,0.5,auto-normal,1770.0,9,7.94,38.5,0
current_6.csv:121600:124800,current_6.csv,121600,124800,38.0,39.0,3200,0,normal,0.1986207813024521,0.5,auto-normal,1770.0,9,7.94,38.5,0
current_6.csv:124800:128000,current_6.csv,124800,128000,39.0,40.0,3200,0,normal,0.32644644379615784,0.5,auto-normal,1770.0,9,7.94,38.5,0
current_6.csv:216000:219200,current_6.csv,216000,219200,67.5,68.5,3200,0,normal,0.19752828776836395,0.5,auto-normal,1770.0,9,7.94,38.5,0
current_6.csv:224000:227200,current_6.csv,224000,227200,70.0,71.0,3200,0,normal,0.18487754464149475,0.5,auto-normal,1770.0,9,7.94,38.5,0
current_6.csv:251200:254400,current_6.csv,251200,254400,78.5,79.5,3200,0,normal,0.27113527059555054,0.5,auto-normal,1770.0,9,7.94,38.5,0
current_6.csv:280000:283200,current_6.csv,280000,283200,87.5,88.5,3200,0,normal,0.25257357954978943,0.5,auto-normal,1770.0,9,7.94,38.5,0
current_6.csv:294400:297600,current_6.csv,294400,297600,92.0,93.0,3200,0,normal,0.28046098351478577,0.5,auto-normal,1770.0,9,7.94,38.5,0
current_6.csv:296000:299200,current_6.csv,296000,299200,92.5,93.5,3200,0,normal,0.2660503387451172,0.5,auto-normal,1770.0,9,7.94,38.5,0
current_6.csv:302400:305600,current_6.csv,302400,305600,94.5,95.5,3200,0,normal,0.25375834107398987,0.5,auto-normal,1770.0,9,7.94,38.5,0
current_6.csv:307200:310400,current_6.csv,307200,310400,96.0,97.0,3200,0,normal,0.17522503435611725,0.5,auto-normal,1770.0,9,7.94,38.5,0
current_7.csv:24000:27200,current_7.csv,24000,27200,7.5,8.5,3200,0,normal,0.18325123190879822,0.5,auto-normal,1770.0,9,7.94,38.5,0
current_7.csv:25600:28800,current_7.csv,25600,28800,8.0,9.0,3200,0,normal,0.24023208022117615,0.5,auto-normal,1770.0,9,7.94,38.5,0
current_7.csv:27200:30400,current_7.csv,27200,30400,8.5,9.5,3200,0,normal,0.2130652219057083,0.5,auto-normal,1770.0,9,7.94,38.5,0
current_7.csv:32000:35200,current_7.csv,32000,35200,10.0,11.0,3200,0,normal,0.33646515011787415,0.5,auto-normal,1770.0,9,7.94,38.5,0
current_7.csv:36800:40000,current_7.csv,36800,40000,11.5,12.5,3200,0,normal,0.25883573293685913,0.5,auto-normal,1770.0,9,7.94,38.5,0
current_7.csv:60800:64000,current_7.csv,60800,64000,19.0,20.0,3200,0,normal,0.14145441353321075,0.5,auto-normal,1770.0,9,7.94,38.5,0
current_7.csv:64000:67200,current_7.csv,64000,67200,20.0,21.0,3200,0,normal,0.14500677585601807,0.5,auto-normal,1770.0,9,7.94,38.5,0
current_7.csv:86400:89600,current_7.csv,86400,89600,27.0,28.0,3200,0,normal,0.3053191304206848,0.5,auto-normal,1770.0,9,7.94,38.5,0
current_7.csv:112000:115200,current_7.csv,112000,115200,35.0,36.0,3200,0,normal,0.1990669071674347,0.5,auto-normal,1770.0,9,7.94,38.5,0
current_7.csv:128000:131200,current_7.csv,128000,131200,40.0,41.0,3200,0,normal,0.2755924165248871,0.5,auto-normal,1770.0,9,7.94,38.5,0
current_7.csv:137600:140800,current_7.csv,137600,140800,43.0,44.0,3200,0,normal,0.24915321171283722,0.5,auto-normal,1770.0,9,7.94,38.5,0
current_7.csv:140800:144000,current_7.csv,140800,144000,44.0,45.0,3200,0,normal,0.19506049156188965,0.5,auto-normal,1770.0,9,7.94,38.5,0
current_7.csv:147200:150400,current_7.csv,147200,150400,46.0,47.0,3200,0,normal,0.19030077755451202,0.5,auto-normal,1770.0,9,7.94,38.5,0
current_7.csv:168000:171200,current_7.csv,168000,171200,52.5,53.5,3200,0,normal,0.24336658418178558,0.5,auto-normal,1770.0,9,7.94,38.5,0
current_7.csv:188800:192000,current_7.csv,188800,192000,59.0,60.0,3200,0,normal,0.2232283353805542,0.5,auto-normal,1770.0,9,7.94,38.5,0
current_8.csv:139200:142400,current_8.csv,139200,142400,43.5,44.5,3200,0,normal,0.2389260083436966,0.5,auto-normal,1770.0,9,7.94,38.5,0
current_8.csv:182400:185600,current_8.csv,182400,185600,57.0,58.0,3200,0,normal,0.24758142232894897,0.5,auto-normal,1770.0,9,7.94,38.5,0
current_8.csv:254400:257600,current_8.csv,254400,257600,79.5,80.5,3200,0,normal,0.18850980699062347,0.5,auto-normal,1770.0,9,7.94,38.5,0
current_8.csv:257600:260800,current_8.csv,257600,260800,80.5,81.5,3200,0,normal,0.22030304372310638,0.5,auto-normal,1770.0,9,7.94,38.5,0
current_8.csv:318400:321600,current_8.csv,318400,321600,99.5,100.5,3200,0,normal,0.3142218291759491,0.5,auto-normal,1770.0,9,7.94,38.5,0
current_8.csv:579200:582400,current_8.csv,579200,582400,181.0,182.0,3200,0,normal,0.29796501994132996,0.5,auto-normal,1770.0,9,7.94,38.5,0
current_8.csv:596800:600000,current_8.csv,596800,600000,186.5,187.5,3200,0,normal,0.26670604944229126,0.5,auto-normal,1770.0,9,7.94,38.5,0
current_8.csv:611200:614400,current_8.csv,611200,614400,191.0,192.0,3200,0,normal,0.21029309928417206,0.5,auto-normal,1770.0,9,7.94,38.5,0
current_8.csv:627200:630400,current_8.csv,627200,630400,196.0,197.0,3200,0,normal,0.28940266370773315,0.5,auto-normal,1770.0,9,7.94,38.5,0
current_8.csv:692800:696000,current_8.csv,692800,696000,216.5,217.5,3200,0,normal,0.3004596531391144,0.5,auto-normal,1770.0,9,7.94,38.5,0
current_8.csv:707200:710400,current_8.csv,707200,710400,221.0,222.0,3200,0,normal,0.22588464617729187,0.5,auto-normal,1770.0,9,7.94,38.5,0
current_8.csv:752000:755200,current_8.csv,752000,755200,235.0,236.0,3200,0,normal,0.25542691349983215,0.5,auto-normal,1770.0,9,7.94,38.5,0
current_8.csv:753600:756800,current_8.csv,753600,756800,235.5,236.5,3200,0,normal,0.22215214371681213,0.5,auto-normal,1770.0,9,7.94,38.5,0
current_8.csv:779200:782400,current_8.csv,779200,782400,243.5,244.5,3200,0,normal,0.255616158246994,0.5,auto-normal,1770.0,9,7.94,38.5,0
current_8.csv:928000:931200,current_8.csv,928000,931200,290.0,291.0,3200,0,normal,0.25357404351234436,0.5,auto-normal,1770.0,9,7.94,38.5,0
current_9.csv:14400:17600,current_9.csv,14400,17600,4.5,5.5,3200,0,normal,0.2850285470485687,0.5,auto-normal,1770.0,9,7.94,38.5,0
current_9.csv:41600:44800,current_9.csv,41600,44800,13.0,14.0,3200,0,normal,0.2157595455646515,0.5,auto-normal,1770.0,9,7.94,38.5,0
current_9.csv:44800:48000,current_9.csv,44800,48000,14.0,15.0,3200,0,normal,0.22378826141357422,0.5,auto-normal,1770.0,9,7.94,38.5,0
current_9.csv:54400:57600,current_9.csv,54400,57600,17.0,18.0,3200,0,normal,0.25821736454963684,0.5,auto-normal,1770.0,9,7.94,38.5,0
current_9.csv:60800:64000,current_9.csv,60800,64000,19.0,20.0,3200,0,normal,0.2684522569179535,0.5,auto-normal,1770.0,9,7.94,38.5,0
current_9.csv:62400:65600,current_9.csv,62400,65600,19.5,20.5,3200,0,normal,0.24178548157215118,0.5,auto-normal,1770.0,9,7.94,38.5,0
current_9.csv:67200:70400,current_9.csv,67200,70400,21.0,22.0,3200,0,normal,0.34836235642433167,0.5,auto-normal,1770.0,9,7.94,38.5,0
current_9.csv:73600:76800,current_9.csv,73600,76800,23.0,24.0,3200,0,normal,0.28351473808288574,0.5,auto-normal,1770.0,9,7.94,38.5,0
current_9.csv:110400:113600,current_9.csv,110400,113600,34.5,35.5,3200,0,normal,0.35793229937553406,0.5,auto-normal,1770.0,9,7.94,38.5,0
current_9.csv:116800:120000,current_9.csv,116800,120000,36.5,37.5,3200,0,normal,0.2871242165565491,0.5,auto-normal,1770.0,9,7.94,38.5,0
current_9.csv:137600:140800,current_9.csv,137600,140800,43.0,44.0,3200,0,normal,0.2485387772321701,0.5,auto-normal,1770.0,9,7.94,38.5,0
current_9.csv:142400:145600,current_9.csv,142400,145600,44.5,45.5,3200,0,normal,0.19986341893672943,0.5,auto-normal,1770.0,9,7.94,38.5,0
current_9.csv:153600:156800,current_9.csv,153600,156800,48.0,49.0,3200,0,normal,0.26116782426834106,0.5,auto-normal,1770.0,9,7.94,38.5,0
current_9.csv:164800:168000,current_9.csv,164800,168000,51.5,52.5,3200,0,normal,0.27577897906303406,0.5,auto-normal,1770.0,9,7.94,38.5,0
current_9.csv:179200:182400,current_9.csv,179200,182400,56.0,57.0,3200,0,normal,0.2359965592622757,0.5,auto-normal,1770.0,9,7.94,38.5,0
